<?xml version="1.0"?>
<doc>
  <assembly>
    <name>C:\TeamCity\buildAgent\work\b8caae985926e367\bin\Release\net-4.0\\PowerPack\\Nemerle.Peg.xml</name>
  </assembly>
  <members>
    <member name="T:Nemerle.Peg.ExtensionRuleBase`1" />
    <member name="M:Nemerle.Peg.ExtensionRuleBase`1.#ctor" />
    <member name="M:Nemerle.Peg.ExtensionRuleBase`1.Parse(System.Int32,System.String)" />
    <member name="M:Nemerle.Peg.ExtensionRuleBase`1.Parse(System.Int32,System.String,`0@)" />
    <member name="M:Nemerle.Peg.ExtensionRuleBase`1.get_PrecedenceLesserThan" />
    <member name="P:Nemerle.Peg.ExtensionRuleBase`1.PrecedenceLesserThan" />
    <member name="M:Nemerle.Peg.ExtensionRuleBase`1.get_PrecedenceEqualsTo" />
    <member name="P:Nemerle.Peg.ExtensionRuleBase`1.PrecedenceEqualsTo" />
    <member name="M:Nemerle.Peg.ExtensionRuleBase`1.get_PrecedenceGreaterThan" />
    <member name="P:Nemerle.Peg.ExtensionRuleBase`1.PrecedenceGreaterThan" />
    <member name="M:Nemerle.Peg.ExtensionRuleBase`1.get_Name" />
    <member name="P:Nemerle.Peg.ExtensionRuleBase`1.Name" />
    <member name="T:Nemerle.Peg.IGrammar" />
    <member name="M:Nemerle.Peg.IGrammar.PushGrammarState" />
    <member name="M:Nemerle.Peg.IGrammar.PopGrammarState" />
    <member name="T:Nemerle.Peg.IToken" />
    <member name="M:Nemerle.Peg.IToken.get_StartPos" />
    <member name="P:Nemerle.Peg.IToken.StartPos" />
    <member name="M:Nemerle.Peg.IToken.get_EndPos" />
    <member name="P:Nemerle.Peg.IToken.EndPos" />
    <member name="T:Nemerle.Peg.Located" />
    <member name="M:Nemerle.Peg.Located.#cctor" />
    <member name="F:Nemerle.Peg.Located.location" />
    <member name="M:Nemerle.Peg.Located.get_StartPos" />
    <member name="P:Nemerle.Peg.Located.StartPos" />
    <member name="M:Nemerle.Peg.Located.get_EndPos" />
    <member name="P:Nemerle.Peg.Located.EndPos" />
    <member name="M:Nemerle.Peg.Located.#ctor" />
    <member name="M:Nemerle.Peg.Located.#ctor(Nemerle.Peg.Location)" />
    <member name="F:Nemerle.Peg.Located._posAndLenRx" />
    <member name="M:Nemerle.Peg.Located.ExtractPosAndLen(System.String)" />
    <member name="M:Nemerle.Peg.Located.BuildMessage(System.String)" />
    <member name="M:Nemerle.Peg.Located.get_Location" />
    <member name="M:Nemerle.Peg.Located.set_Location(Nemerle.Peg.Location)" />
    <member name="P:Nemerle.Peg.Located.Location" />
    <member name="T:Nemerle.Peg.Location" />
    <member name="F:Nemerle.Peg.Location._source" />
    <member name="F:Nemerle.Peg.Location._startPos" />
    <member name="F:Nemerle.Peg.Location._endPos" />
    <member name="M:Nemerle.Peg.Location.get_IsEmpty" />
    <member name="P:Nemerle.Peg.Location.IsEmpty" />
    <member name="M:Nemerle.Peg.Location.GetText" />
    <member name="M:Nemerle.Peg.Location.get_StartLineColumn" />
    <member name="P:Nemerle.Peg.Location.StartLineColumn" />
    <member name="M:Nemerle.Peg.Location.get_EndLineColumn" />
    <member name="P:Nemerle.Peg.Location.EndLineColumn" />
    <member name="M:Nemerle.Peg.Location.ToString" />
    <member name="M:Nemerle.Peg.Location.Combine(Nemerle.Peg.Location)" />
    <member name="M:Nemerle.Peg.Location.op_Addition(Nemerle.Peg.Location,Nemerle.Peg.Location)" />
    <member name="M:Nemerle.Peg.Location.FromToken(Nemerle.Peg.SourceSnapshot,Nemerle.Peg.NToken)" />
    <member name="M:Nemerle.Peg.Location.FromToken(Nemerle.Peg.SourceSnapshot,Nemerle.Peg.IToken)" />
    <member name="M:Nemerle.Peg.Location.FromToken(Nemerle.Peg.SourceSnapshot,Nemerle.Peg.NToken,Nemerle.Peg.NToken)" />
    <member name="M:Nemerle.Peg.Location.FromToken(Nemerle.Peg.SourceSnapshot,Nemerle.Peg.IToken,Nemerle.Peg.IToken)" />
    <member name="M:Nemerle.Peg.Location.get_Source" />
    <member name="P:Nemerle.Peg.Location.Source" />
    <member name="M:Nemerle.Peg.Location.get_StartPos" />
    <member name="P:Nemerle.Peg.Location.StartPos" />
    <member name="M:Nemerle.Peg.Location.get_EndPos" />
    <member name="P:Nemerle.Peg.Location.EndPos" />
    <member name="M:Nemerle.Peg.Location.#ctor(Nemerle.Peg.SourceSnapshot,System.Int32,System.Int32)" />
    <member name="T:Nemerle.Peg.NToken" />
    <member name="M:Nemerle.Peg.NToken.GetHashCode(System.Collections.IEqualityComparer)" />
    <member name="M:Nemerle.Peg.NToken.Equals(System.Object,System.Collections.IEqualityComparer)" />
    <member name="M:Nemerle.Peg.NToken.op_Inequality(Nemerle.Peg.NToken,Nemerle.Peg.NToken)" />
    <member name="M:Nemerle.Peg.NToken.op_Equality(Nemerle.Peg.NToken,Nemerle.Peg.NToken)" />
    <member name="M:Nemerle.Peg.NToken.GetHashCode" />
    <member name="M:Nemerle.Peg.NToken.Equals(System.Object)" />
    <member name="M:Nemerle.Peg.NToken.Equals(Nemerle.Peg.NToken)" />
    <member name="F:Nemerle.Peg.NToken._startPos" />
    <member name="F:Nemerle.Peg.NToken._endPos" />
    <member name="M:Nemerle.Peg.NToken.get_IsEmpty" />
    <member name="P:Nemerle.Peg.NToken.IsEmpty" />
    <member name="M:Nemerle.Peg.NToken.ToString" />
    <member name="M:Nemerle.Peg.NToken.EqualsImpl(Nemerle.Peg.NToken)" />
    <member name="M:Nemerle.Peg.NToken.get_StartPos" />
    <member name="P:Nemerle.Peg.NToken.StartPos" />
    <member name="M:Nemerle.Peg.NToken.get_EndPos" />
    <member name="P:Nemerle.Peg.NToken.EndPos" />
    <member name="M:Nemerle.Peg.NToken.#ctor(System.Int32,System.Int32)" />
    <member name="T:Nemerle.Peg.PegParser" />
    <member name="M:Nemerle.Peg.PegParser.#ctor" />
    <member name="F:Nemerle.Peg.PegParser._grammars" />
    <member name="F:Nemerle.Peg.PegParser._grammarList" />
    <member name="F:Nemerle.Peg.PegParser._stateStack" />
    <member name="M:Nemerle.Peg.PegParser.AddGrammar``1(Nemerle.Builtins.Function{Nemerle.Peg.PegParser,``0})" />
    <member name="M:Nemerle.Peg.PegParser.PushState" />
    <member name="M:Nemerle.Peg.PegParser.PopState" />
    <member name="T:Nemerle.Peg.SingleLineSourceSnapshot" />
    <member name="M:Nemerle.Peg.SingleLineSourceSnapshot.#ctor(System.String,System.Int32,System.String)" />
    <member name="T:Nemerle.Peg.SourceSnapshot" />
    <member name="F:Nemerle.Peg.SourceSnapshot._N_cache_3755" />
    <member name="F:Nemerle.Peg.SourceSnapshot.originalText" />
    <member name="F:Nemerle.Peg.SourceSnapshot.text" />
    <member name="F:Nemerle.Peg.SourceSnapshot.fileIndex" />
    <member name="F:Nemerle.Peg.SourceSnapshot.fileName" />
    <member name="F:Nemerle.Peg.SourceSnapshot.lineIndexes" />
    <member name="M:Nemerle.Peg.SourceSnapshot.#ctor(System.String,System.String,System.Int32,System.String,System.Int32[])" />
    <member name="M:Nemerle.Peg.SourceSnapshot.#ctor(System.String,System.Int32,System.String)" />
    <member name="M:Nemerle.Peg.SourceSnapshot.GetLinesRelocationTable" />
    <member name="M:Nemerle.Peg.SourceSnapshot.PositionToLineColumn(System.Int32)" />
    <member name="M:Nemerle.Peg.SourceSnapshot.GetSourceLine(System.Int32)" />
    <member name="M:Nemerle.Peg.SourceSnapshot.WithText(System.String)" />
    <member name="M:Nemerle.Peg.SourceSnapshot.ToString" />
    <member name="M:Nemerle.Peg.SourceSnapshot.MakeLineIndexes(System.String)" />
    <member name="M:Nemerle.Peg.SourceSnapshot.get_OriginalText" />
    <member name="P:Nemerle.Peg.SourceSnapshot.OriginalText" />
    <member name="M:Nemerle.Peg.SourceSnapshot.get_Text" />
    <member name="P:Nemerle.Peg.SourceSnapshot.Text" />
    <member name="M:Nemerle.Peg.SourceSnapshot.get_FileIndex" />
    <member name="P:Nemerle.Peg.SourceSnapshot.FileIndex" />
    <member name="M:Nemerle.Peg.SourceSnapshot.get_FileName" />
    <member name="P:Nemerle.Peg.SourceSnapshot.FileName" />
    <member name="T:Nemerle.Peg.VList`1" />
    <member name="T:Nemerle.Peg.VToken`1" />
    <member name="F:Nemerle.Peg.VToken`1.value" />
    <member name="M:Nemerle.Peg.VToken`1.op_Implicit(Nemerle.Peg.VToken{`0})~`0" />
    <member name="M:Nemerle.Peg.VToken`1.get_Value" />
    <member name="P:Nemerle.Peg.VToken`1.Value" />
    <member name="M:Nemerle.Peg.VToken`1.#ctor(`0)" />
    <member name="M:Nemerle.Peg.VToken`1.#ctor(Nemerle.Peg.Location,`0)" />
  </members>
</doc>