<?xml version="1.0"?>
<doc>
  <assembly>
    <name>C:\TeamCity\buildAgent\work\b8caae985926e367\bin\Release\net-4.0\\PowerPack\\Nemerle.Statechart.Parser.xml</name>
  </assembly>
  <members>
    <member name="T:Nemerle.Statechart.FsmParser" />
    <member name="M:Nemerle.Statechart.FsmParser._N_get_decls_61551(Nemerle.Core.list{Nemerle.Statechart.StateNode})" />
    <member name="M:Nemerle.Statechart.FsmParser._N_check_tran_61539(Nemerle.Statechart.StateNode.State,Nemerle.Statechart.StateNode.Transition)" />
    <member name="M:Nemerle.Statechart.FsmParser._N_get_target_60454(Nemerle.Statechart.FsmParser._N_closureOf_simple_target_60446,Nemerle.Statechart.StateNode.State,System.String)" />
    <member name="M:Nemerle.Statechart.FsmParser.GetLocation(Nemerle.Peg.NToken)" />
    <member name="M:Nemerle.Statechart.FsmParser.GetText(Nemerle.Peg.NToken)" />
    <member name="P:Nemerle.Statechart.FsmParser.ParsingSource" />
    <member name="M:Nemerle.Statechart.FsmParser.get_ParsingSource" />
    <member name="F:Nemerle.Statechart.FsmParser._parsingSource" />
    <member name="M:Nemerle.Statechart.FsmParser.TryParse(Nemerle.Peg.SourceSnapshot)" />
    <member name="M:Nemerle.Statechart.FsmParser.TryParse(System.String)" />
    <member name="M:Nemerle.Statechart.FsmParser.Parse(Nemerle.Peg.SourceSnapshot)" />
    <member name="M:Nemerle.Statechart.FsmParser.Parse(System.String)" />
    <member name="M:Nemerle.Statechart.FsmParser.ResetMemoization" />
    <member name="M:Nemerle.Statechart.FsmParser.ResetMaxRollbackPos" />
    <member name="M:Nemerle.Statechart.FsmParser.GetRuleName(System.Int32)" />
    <member name="M:Nemerle.Statechart.FsmParser.GetMaxRollbackPosAndNames" />
    <member name="M:Nemerle.Statechart.FsmParser.GetMaxRollbackPosAndIds" />
    <member name="M:Nemerle.Statechart.FsmParser.__GENERATED_PEG__RULE__singleLineComment__(System.Int32,System.String)" />
    <member name="M:Nemerle.Statechart.FsmParser.__GENERATED_PEG__RULE__delimitedComment__(System.Int32,System.String)" />
    <member name="M:Nemerle.Statechart.FsmParser.__GENERATED_PEG__RULE__comment__(System.Int32,System.String)" />
    <member name="M:Nemerle.Statechart.FsmParser.__GENERATED_PEG__RULE__spaces_def__(System.Int32,System.String)" />
    <member name="M:Nemerle.Statechart.FsmParser.__GENERATED_PEG__RULE__flags_key__(System.Int32,System.String)" />
    <member name="M:Nemerle.Statechart.FsmParser.__GENERATED_PEG__RULE__flags__(System.Int32,System.String,Nemerle.Statechart.MachineFlags@)" />
    <member name="F:Nemerle.Statechart.FsmParser.__GENERATED_PEG__MaxRollback___flags__" />
    <member name="F:Nemerle.Statechart.FsmParser.__GENERATED_PEG__Memeoize_Res__flags__" />
    <member name="F:Nemerle.Statechart.FsmParser.__GENERATED_PEG__Memeoize_End__flags__" />
    <member name="F:Nemerle.Statechart.FsmParser.__GENERATED_PEG__Memeoize_Pos__flags__" />
    <member name="M:Nemerle.Statechart.FsmParser.__GENERATED_PEG__RULE__region__(System.Int32,System.String,Nemerle.Statechart.StateNode@)" />
    <member name="F:Nemerle.Statechart.FsmParser.__GENERATED_PEG__MaxRollback___region__" />
    <member name="F:Nemerle.Statechart.FsmParser.__GENERATED_PEG__Memeoize_Res__region__" />
    <member name="F:Nemerle.Statechart.FsmParser.__GENERATED_PEG__Memeoize_End__region__" />
    <member name="F:Nemerle.Statechart.FsmParser.__GENERATED_PEG__Memeoize_Pos__region__" />
    <member name="M:Nemerle.Statechart.FsmParser.__GENERATED_PEG__RULE__terminate_key__(System.Int32,System.String)" />
    <member name="M:Nemerle.Statechart.FsmParser.__GENERATED_PEG__RULE__terminate_node__(System.Int32,System.String,Nemerle.Statechart.StateNode@)" />
    <member name="F:Nemerle.Statechart.FsmParser.__GENERATED_PEG__MaxRollback___terminate_node__" />
    <member name="F:Nemerle.Statechart.FsmParser.__GENERATED_PEG__Memeoize_Res__terminate_node__" />
    <member name="F:Nemerle.Statechart.FsmParser.__GENERATED_PEG__Memeoize_End__terminate_node__" />
    <member name="F:Nemerle.Statechart.FsmParser.__GENERATED_PEG__Memeoize_Pos__terminate_node__" />
    <member name="M:Nemerle.Statechart.FsmParser.__GENERATED_PEG__RULE__join__(System.Int32,System.String,Nemerle.Statechart.StateNode@)" />
    <member name="F:Nemerle.Statechart.FsmParser.__GENERATED_PEG__MaxRollback___join__" />
    <member name="F:Nemerle.Statechart.FsmParser.__GENERATED_PEG__Memeoize_Res__join__" />
    <member name="F:Nemerle.Statechart.FsmParser.__GENERATED_PEG__Memeoize_End__join__" />
    <member name="F:Nemerle.Statechart.FsmParser.__GENERATED_PEG__Memeoize_Pos__join__" />
    <member name="M:Nemerle.Statechart.FsmParser.__GENERATED_PEG__RULE__junction__(System.Int32,System.String,Nemerle.Statechart.StateNode@)" />
    <member name="F:Nemerle.Statechart.FsmParser.__GENERATED_PEG__MaxRollback___junction__" />
    <member name="F:Nemerle.Statechart.FsmParser.__GENERATED_PEG__Memeoize_Res__junction__" />
    <member name="F:Nemerle.Statechart.FsmParser.__GENERATED_PEG__Memeoize_End__junction__" />
    <member name="F:Nemerle.Statechart.FsmParser.__GENERATED_PEG__Memeoize_Pos__junction__" />
    <member name="M:Nemerle.Statechart.FsmParser.__GENERATED_PEG__RULE__choice__(System.Int32,System.String,Nemerle.Statechart.StateNode@)" />
    <member name="F:Nemerle.Statechart.FsmParser.__GENERATED_PEG__MaxRollback___choice__" />
    <member name="F:Nemerle.Statechart.FsmParser.__GENERATED_PEG__Memeoize_Res__choice__" />
    <member name="F:Nemerle.Statechart.FsmParser.__GENERATED_PEG__Memeoize_End__choice__" />
    <member name="F:Nemerle.Statechart.FsmParser.__GENERATED_PEG__Memeoize_Pos__choice__" />
    <member name="M:Nemerle.Statechart.FsmParser.__GENERATED_PEG__RULE__merge__(System.Int32,System.String,Nemerle.Statechart.StateNode@)" />
    <member name="F:Nemerle.Statechart.FsmParser.__GENERATED_PEG__MaxRollback___merge__" />
    <member name="F:Nemerle.Statechart.FsmParser.__GENERATED_PEG__Memeoize_Res__merge__" />
    <member name="F:Nemerle.Statechart.FsmParser.__GENERATED_PEG__Memeoize_End__merge__" />
    <member name="F:Nemerle.Statechart.FsmParser.__GENERATED_PEG__Memeoize_Pos__merge__" />
    <member name="M:Nemerle.Statechart.FsmParser.__GENERATED_PEG__RULE__pseudo_state__(System.Int32,System.String,Nemerle.Statechart.StateNode@)" />
    <member name="F:Nemerle.Statechart.FsmParser.__GENERATED_PEG__MaxRollback___pseudo_state__" />
    <member name="F:Nemerle.Statechart.FsmParser.__GENERATED_PEG__Memeoize_Res__pseudo_state__" />
    <member name="F:Nemerle.Statechart.FsmParser.__GENERATED_PEG__Memeoize_End__pseudo_state__" />
    <member name="F:Nemerle.Statechart.FsmParser.__GENERATED_PEG__Memeoize_Pos__pseudo_state__" />
    <member name="M:Nemerle.Statechart.FsmParser.__GENERATED_PEG__RULE__entry_key__(System.Int32,System.String)" />
    <member name="M:Nemerle.Statechart.FsmParser.__GENERATED_PEG__RULE__entry__(System.Int32,System.String,Nemerle.Statechart.StateNode@)" />
    <member name="F:Nemerle.Statechart.FsmParser.__GENERATED_PEG__MaxRollback___entry__" />
    <member name="F:Nemerle.Statechart.FsmParser.__GENERATED_PEG__Memeoize_Res__entry__" />
    <member name="F:Nemerle.Statechart.FsmParser.__GENERATED_PEG__Memeoize_End__entry__" />
    <member name="F:Nemerle.Statechart.FsmParser.__GENERATED_PEG__Memeoize_Pos__entry__" />
    <member name="M:Nemerle.Statechart.FsmParser.__GENERATED_PEG__RULE__exit_key__(System.Int32,System.String)" />
    <member name="M:Nemerle.Statechart.FsmParser.__GENERATED_PEG__RULE__exit__(System.Int32,System.String,Nemerle.Statechart.StateNode@)" />
    <member name="F:Nemerle.Statechart.FsmParser.__GENERATED_PEG__MaxRollback___exit__" />
    <member name="F:Nemerle.Statechart.FsmParser.__GENERATED_PEG__Memeoize_Res__exit__" />
    <member name="F:Nemerle.Statechart.FsmParser.__GENERATED_PEG__Memeoize_End__exit__" />
    <member name="F:Nemerle.Statechart.FsmParser.__GENERATED_PEG__Memeoize_Pos__exit__" />
    <member name="M:Nemerle.Statechart.FsmParser.__GENERATED_PEG__RULE__do_activity__(System.Int32,System.String,Nemerle.Statechart.StateNode@)" />
    <member name="F:Nemerle.Statechart.FsmParser.__GENERATED_PEG__MaxRollback___do_activity__" />
    <member name="F:Nemerle.Statechart.FsmParser.__GENERATED_PEG__Memeoize_Res__do_activity__" />
    <member name="F:Nemerle.Statechart.FsmParser.__GENERATED_PEG__Memeoize_End__do_activity__" />
    <member name="F:Nemerle.Statechart.FsmParser.__GENERATED_PEG__Memeoize_Pos__do_activity__" />
    <member name="M:Nemerle.Statechart.FsmParser.__GENERATED_PEG__RULE__initial_key__(System.Int32,System.String)" />
    <member name="M:Nemerle.Statechart.FsmParser.__GENERATED_PEG__RULE__initial_trans__(System.Int32,System.String,Nemerle.Statechart.StateNode@)" />
    <member name="F:Nemerle.Statechart.FsmParser.__GENERATED_PEG__MaxRollback___initial_trans__" />
    <member name="F:Nemerle.Statechart.FsmParser.__GENERATED_PEG__Memeoize_Res__initial_trans__" />
    <member name="F:Nemerle.Statechart.FsmParser.__GENERATED_PEG__Memeoize_End__initial_trans__" />
    <member name="F:Nemerle.Statechart.FsmParser.__GENERATED_PEG__Memeoize_Pos__initial_trans__" />
    <member name="M:Nemerle.Statechart.FsmParser.__GENERATED_PEG__RULE__simp_transition__(System.Int32,System.String,Nemerle.Statechart.StateNode@)" />
    <member name="F:Nemerle.Statechart.FsmParser.__GENERATED_PEG__MaxRollback___simp_transition__" />
    <member name="F:Nemerle.Statechart.FsmParser.__GENERATED_PEG__Memeoize_Res__simp_transition__" />
    <member name="F:Nemerle.Statechart.FsmParser.__GENERATED_PEG__Memeoize_End__simp_transition__" />
    <member name="F:Nemerle.Statechart.FsmParser.__GENERATED_PEG__Memeoize_Pos__simp_transition__" />
    <member name="M:Nemerle.Statechart.FsmParser.__GENERATED_PEG__RULE__empty_action_list__(System.Int32,System.String,Nemerle.Statechart.Actions@)" />
    <member name="F:Nemerle.Statechart.FsmParser.__GENERATED_PEG__MaxRollback___empty_action_list__" />
    <member name="F:Nemerle.Statechart.FsmParser.__GENERATED_PEG__Memeoize_Res__empty_action_list__" />
    <member name="F:Nemerle.Statechart.FsmParser.__GENERATED_PEG__Memeoize_End__empty_action_list__" />
    <member name="F:Nemerle.Statechart.FsmParser.__GENERATED_PEG__Memeoize_Pos__empty_action_list__" />
    <member name="M:Nemerle.Statechart.FsmParser.__GENERATED_PEG__RULE__delim_action_list__(System.Int32,System.String,Nemerle.Statechart.Actions@)" />
    <member name="F:Nemerle.Statechart.FsmParser.__GENERATED_PEG__MaxRollback___delim_action_list__" />
    <member name="F:Nemerle.Statechart.FsmParser.__GENERATED_PEG__Memeoize_Res__delim_action_list__" />
    <member name="F:Nemerle.Statechart.FsmParser.__GENERATED_PEG__Memeoize_End__delim_action_list__" />
    <member name="F:Nemerle.Statechart.FsmParser.__GENERATED_PEG__Memeoize_Pos__delim_action_list__" />
    <member name="M:Nemerle.Statechart.FsmParser.__GENERATED_PEG__RULE__simple_action_list__(System.Int32,System.String,Nemerle.Statechart.Actions@)" />
    <member name="F:Nemerle.Statechart.FsmParser.__GENERATED_PEG__MaxRollback___simple_action_list__" />
    <member name="F:Nemerle.Statechart.FsmParser.__GENERATED_PEG__Memeoize_Res__simple_action_list__" />
    <member name="F:Nemerle.Statechart.FsmParser.__GENERATED_PEG__Memeoize_End__simple_action_list__" />
    <member name="F:Nemerle.Statechart.FsmParser.__GENERATED_PEG__Memeoize_Pos__simple_action_list__" />
    <member name="M:Nemerle.Statechart.FsmParser.__GENERATED_PEG__RULE__block_action_list__(System.Int32,System.String,Nemerle.Statechart.Actions@)" />
    <member name="F:Nemerle.Statechart.FsmParser.__GENERATED_PEG__MaxRollback___block_action_list__" />
    <member name="F:Nemerle.Statechart.FsmParser.__GENERATED_PEG__Memeoize_Res__block_action_list__" />
    <member name="F:Nemerle.Statechart.FsmParser.__GENERATED_PEG__Memeoize_End__block_action_list__" />
    <member name="F:Nemerle.Statechart.FsmParser.__GENERATED_PEG__Memeoize_Pos__block_action_list__" />
    <member name="M:Nemerle.Statechart.FsmParser.__GENERATED_PEG__RULE__not_empty_list__(System.Int32,System.String,Nemerle.Statechart.Actions@)" />
    <member name="F:Nemerle.Statechart.FsmParser.__GENERATED_PEG__MaxRollback___not_empty_list__" />
    <member name="F:Nemerle.Statechart.FsmParser.__GENERATED_PEG__Memeoize_Res__not_empty_list__" />
    <member name="F:Nemerle.Statechart.FsmParser.__GENERATED_PEG__Memeoize_End__not_empty_list__" />
    <member name="F:Nemerle.Statechart.FsmParser.__GENERATED_PEG__Memeoize_Pos__not_empty_list__" />
    <member name="M:Nemerle.Statechart.FsmParser.__GENERATED_PEG__RULE__action_list__(System.Int32,System.String,Nemerle.Statechart.Actions@)" />
    <member name="F:Nemerle.Statechart.FsmParser.__GENERATED_PEG__MaxRollback___action_list__" />
    <member name="F:Nemerle.Statechart.FsmParser.__GENERATED_PEG__Memeoize_Res__action_list__" />
    <member name="F:Nemerle.Statechart.FsmParser.__GENERATED_PEG__Memeoize_End__action_list__" />
    <member name="F:Nemerle.Statechart.FsmParser.__GENERATED_PEG__Memeoize_Pos__action_list__" />
    <member name="M:Nemerle.Statechart.FsmParser.__GENERATED_PEG__RULE__internal_trans__(System.Int32,System.String,Nemerle.Statechart.StateNode@)" />
    <member name="F:Nemerle.Statechart.FsmParser.__GENERATED_PEG__MaxRollback___internal_trans__" />
    <member name="F:Nemerle.Statechart.FsmParser.__GENERATED_PEG__Memeoize_Res__internal_trans__" />
    <member name="F:Nemerle.Statechart.FsmParser.__GENERATED_PEG__Memeoize_End__internal_trans__" />
    <member name="F:Nemerle.Statechart.FsmParser.__GENERATED_PEG__Memeoize_Pos__internal_trans__" />
    <member name="M:Nemerle.Statechart.FsmParser.__GENERATED_PEG__RULE__transition__(System.Int32,System.String,Nemerle.Statechart.StateNode@)" />
    <member name="F:Nemerle.Statechart.FsmParser.__GENERATED_PEG__MaxRollback___transition__" />
    <member name="F:Nemerle.Statechart.FsmParser.__GENERATED_PEG__Memeoize_Res__transition__" />
    <member name="F:Nemerle.Statechart.FsmParser.__GENERATED_PEG__Memeoize_End__transition__" />
    <member name="F:Nemerle.Statechart.FsmParser.__GENERATED_PEG__Memeoize_Pos__transition__" />
    <member name="M:Nemerle.Statechart.FsmParser.__GENERATED_PEG__RULE__simple_attrs__(System.Int32,System.String,System.Collections.Generic.List{Nemerle.Peg.NToken}@)" />
    <member name="F:Nemerle.Statechart.FsmParser.__GENERATED_PEG__MaxRollback___simple_attrs__" />
    <member name="F:Nemerle.Statechart.FsmParser.__GENERATED_PEG__Memeoize_Res__simple_attrs__" />
    <member name="F:Nemerle.Statechart.FsmParser.__GENERATED_PEG__Memeoize_End__simple_attrs__" />
    <member name="F:Nemerle.Statechart.FsmParser.__GENERATED_PEG__Memeoize_Pos__simple_attrs__" />
    <member name="M:Nemerle.Statechart.FsmParser.__GENERATED_PEG__RULE__attributes__(System.Int32,System.String,System.Collections.Generic.List{Nemerle.Statechart.StateAttribute}@)" />
    <member name="F:Nemerle.Statechart.FsmParser.__GENERATED_PEG__MaxRollback___attributes__" />
    <member name="F:Nemerle.Statechart.FsmParser.__GENERATED_PEG__Memeoize_Res__attributes__" />
    <member name="F:Nemerle.Statechart.FsmParser.__GENERATED_PEG__Memeoize_End__attributes__" />
    <member name="F:Nemerle.Statechart.FsmParser.__GENERATED_PEG__Memeoize_Pos__attributes__" />
    <member name="M:Nemerle.Statechart.FsmParser.__GENERATED_PEG__RULE__state_key__(System.Int32,System.String)" />
    <member name="M:Nemerle.Statechart.FsmParser.__GENERATED_PEG__RULE__state__(System.Int32,System.String,Nemerle.Statechart.StateNode@)" />
    <member name="F:Nemerle.Statechart.FsmParser.__GENERATED_PEG__MaxRollback___state__" />
    <member name="F:Nemerle.Statechart.FsmParser.__GENERATED_PEG__Memeoize_Res__state__" />
    <member name="F:Nemerle.Statechart.FsmParser.__GENERATED_PEG__Memeoize_End__state__" />
    <member name="F:Nemerle.Statechart.FsmParser.__GENERATED_PEG__Memeoize_Pos__state__" />
    <member name="M:Nemerle.Statechart.FsmParser.__GENERATED_PEG__RULE__history_key__(System.Int32,System.String)" />
    <member name="M:Nemerle.Statechart.FsmParser.__GENERATED_PEG__RULE__colon__(System.Int32,System.String)" />
    <member name="M:Nemerle.Statechart.FsmParser.__GENERATED_PEG__RULE__history_long__(System.Int32,System.String,Nemerle.Statechart.StateNode@)" />
    <member name="F:Nemerle.Statechart.FsmParser.__GENERATED_PEG__MaxRollback___history_long__" />
    <member name="F:Nemerle.Statechart.FsmParser.__GENERATED_PEG__Memeoize_Res__history_long__" />
    <member name="F:Nemerle.Statechart.FsmParser.__GENERATED_PEG__Memeoize_End__history_long__" />
    <member name="F:Nemerle.Statechart.FsmParser.__GENERATED_PEG__Memeoize_Pos__history_long__" />
    <member name="M:Nemerle.Statechart.FsmParser.__GENERATED_PEG__RULE__history_deep__(System.Int32,System.String,Nemerle.Statechart.StateNode@)" />
    <member name="F:Nemerle.Statechart.FsmParser.__GENERATED_PEG__MaxRollback___history_deep__" />
    <member name="F:Nemerle.Statechart.FsmParser.__GENERATED_PEG__Memeoize_Res__history_deep__" />
    <member name="F:Nemerle.Statechart.FsmParser.__GENERATED_PEG__Memeoize_End__history_deep__" />
    <member name="F:Nemerle.Statechart.FsmParser.__GENERATED_PEG__Memeoize_Pos__history_deep__" />
    <member name="M:Nemerle.Statechart.FsmParser.__GENERATED_PEG__RULE__default_transition__(System.Int32,System.String,Nemerle.Statechart.StateNode.Default@)" />
    <member name="F:Nemerle.Statechart.FsmParser.__GENERATED_PEG__MaxRollback___default_transition__" />
    <member name="F:Nemerle.Statechart.FsmParser.__GENERATED_PEG__Memeoize_Res__default_transition__" />
    <member name="F:Nemerle.Statechart.FsmParser.__GENERATED_PEG__Memeoize_End__default_transition__" />
    <member name="F:Nemerle.Statechart.FsmParser.__GENERATED_PEG__Memeoize_Pos__default_transition__" />
    <member name="M:Nemerle.Statechart.FsmParser.__GENERATED_PEG__RULE__history_shallow__(System.Int32,System.String,Nemerle.Statechart.StateNode@)" />
    <member name="F:Nemerle.Statechart.FsmParser.__GENERATED_PEG__MaxRollback___history_shallow__" />
    <member name="F:Nemerle.Statechart.FsmParser.__GENERATED_PEG__Memeoize_Res__history_shallow__" />
    <member name="F:Nemerle.Statechart.FsmParser.__GENERATED_PEG__Memeoize_End__history_shallow__" />
    <member name="F:Nemerle.Statechart.FsmParser.__GENERATED_PEG__Memeoize_Pos__history_shallow__" />
    <member name="M:Nemerle.Statechart.FsmParser.__GENERATED_PEG__RULE__history_short__(System.Int32,System.String,Nemerle.Statechart.StateNode@)" />
    <member name="F:Nemerle.Statechart.FsmParser.__GENERATED_PEG__MaxRollback___history_short__" />
    <member name="F:Nemerle.Statechart.FsmParser.__GENERATED_PEG__Memeoize_Res__history_short__" />
    <member name="F:Nemerle.Statechart.FsmParser.__GENERATED_PEG__Memeoize_End__history_short__" />
    <member name="F:Nemerle.Statechart.FsmParser.__GENERATED_PEG__Memeoize_Pos__history_short__" />
    <member name="M:Nemerle.Statechart.FsmParser.__GENERATED_PEG__RULE__history__(System.Int32,System.String,Nemerle.Statechart.StateNode@)" />
    <member name="F:Nemerle.Statechart.FsmParser.__GENERATED_PEG__MaxRollback___history__" />
    <member name="F:Nemerle.Statechart.FsmParser.__GENERATED_PEG__Memeoize_Res__history__" />
    <member name="F:Nemerle.Statechart.FsmParser.__GENERATED_PEG__Memeoize_End__history__" />
    <member name="F:Nemerle.Statechart.FsmParser.__GENERATED_PEG__Memeoize_Pos__history__" />
    <member name="M:Nemerle.Statechart.FsmParser.__GENERATED_PEG__RULE__stateBody__(System.Int32,System.String,System.Collections.Generic.List{Nemerle.Statechart.StateNode}@)" />
    <member name="F:Nemerle.Statechart.FsmParser.__GENERATED_PEG__MaxRollback___stateBody__" />
    <member name="F:Nemerle.Statechart.FsmParser.__GENERATED_PEG__Memeoize_Res__stateBody__" />
    <member name="F:Nemerle.Statechart.FsmParser.__GENERATED_PEG__Memeoize_End__stateBody__" />
    <member name="F:Nemerle.Statechart.FsmParser.__GENERATED_PEG__Memeoize_Pos__stateBody__" />
    <member name="M:Nemerle.Statechart.FsmParser.__GENERATED_PEG__RULE__inlined_fsm__(System.Int32,System.String,Nemerle.Statechart.StateNode@)" />
    <member name="F:Nemerle.Statechart.FsmParser.__GENERATED_PEG__MaxRollback___inlined_fsm__" />
    <member name="F:Nemerle.Statechart.FsmParser.__GENERATED_PEG__Memeoize_Res__inlined_fsm__" />
    <member name="F:Nemerle.Statechart.FsmParser.__GENERATED_PEG__Memeoize_End__inlined_fsm__" />
    <member name="F:Nemerle.Statechart.FsmParser.__GENERATED_PEG__Memeoize_Pos__inlined_fsm__" />
    <member name="M:Nemerle.Statechart.FsmParser.__GENERATED_PEG__RULE__fsm_key__(System.Int32,System.String)" />
    <member name="M:Nemerle.Statechart.FsmParser.__GENERATED_PEG__RULE__qualified_id__(System.Int32,System.String)" />
    <member name="M:Nemerle.Statechart.FsmParser.__GENERATED_PEG__RULE__open_brace__(System.Int32,System.String)" />
    <member name="M:Nemerle.Statechart.FsmParser.__GENERATED_PEG__RULE__guard__(System.Int32,System.String)" />
    <member name="M:Nemerle.Statechart.FsmParser.__GENERATED_PEG__RULE__trans_act_list__(System.Int32,System.String)" />
    <member name="M:Nemerle.Statechart.FsmParser.__GENERATED_PEG__RULE__choice_target__(System.Int32,System.String)" />
    <member name="M:Nemerle.Statechart.FsmParser.__GENERATED_PEG__RULE__is_in_state__(System.Int32,System.String)" />
    <member name="M:Nemerle.Statechart.FsmParser.__GENERATED_PEG__RULE__simple_guard__(System.Int32,System.String)" />
    <member name="M:Nemerle.Statechart.FsmParser.__GENERATED_PEG__RULE__guard_type__(System.Int32,System.String)" />
    <member name="M:Nemerle.Statechart.FsmParser.__GENERATED_PEG__RULE__junction_body__(System.Int32,System.String)" />
    <member name="M:Nemerle.Statechart.FsmParser.__GENERATED_PEG__RULE__junction_target__(System.Int32,System.String)" />
    <member name="M:Nemerle.Statechart.FsmParser.__GENERATED_PEG__RULE__fully_qualified__(System.Int32,System.String)" />
    <member name="M:Nemerle.Statechart.FsmParser.__GENERATED_PEG__RULE__simple_target__(System.Int32,System.String)" />
    <member name="M:Nemerle.Statechart.FsmParser.__GENERATED_PEG__RULE__trans_target__(System.Int32,System.String)" />
    <member name="M:Nemerle.Statechart.FsmParser.__GENERATED_PEG__RULE__transition_target__(System.Int32,System.String)" />
    <member name="M:Nemerle.Statechart.FsmParser.__GENERATED_PEG__RULE__transition_mark__(System.Int32,System.String)" />
    <member name="M:Nemerle.Statechart.FsmParser.__GENERATED_PEG__RULE__comma__(System.Int32,System.String)" />
    <member name="M:Nemerle.Statechart.FsmParser.__GENERATED_PEG__RULE__events__(System.Int32,System.String,System.Collections.Generic.List{Nemerle.Statechart.TransitionNode.Event}@)" />
    <member name="F:Nemerle.Statechart.FsmParser.__GENERATED_PEG__MaxRollback___events__" />
    <member name="F:Nemerle.Statechart.FsmParser.__GENERATED_PEG__Memeoize_Res__events__" />
    <member name="F:Nemerle.Statechart.FsmParser.__GENERATED_PEG__Memeoize_End__events__" />
    <member name="F:Nemerle.Statechart.FsmParser.__GENERATED_PEG__Memeoize_Pos__events__" />
    <member name="M:Nemerle.Statechart.FsmParser.__GENERATED_PEG__RULE__attr_begin__(System.Int32,System.String)" />
    <member name="M:Nemerle.Statechart.FsmParser.__GENERATED_PEG__RULE__attr_end__(System.Int32,System.String)" />
    <member name="M:Nemerle.Statechart.FsmParser.__GENERATED_PEG__RULE__guard__(System.Int32,System.String,Nemerle.Statechart.GuardNode@)" />
    <member name="F:Nemerle.Statechart.FsmParser.__GENERATED_PEG__MaxRollback___guard__" />
    <member name="F:Nemerle.Statechart.FsmParser.__GENERATED_PEG__Memeoize_Res__guard__" />
    <member name="F:Nemerle.Statechart.FsmParser.__GENERATED_PEG__Memeoize_End__guard__" />
    <member name="F:Nemerle.Statechart.FsmParser.__GENERATED_PEG__Memeoize_Pos__guard__" />
    <member name="M:Nemerle.Statechart.FsmParser.__GENERATED_PEG__RULE__slash__(System.Int32,System.String)" />
    <member name="M:Nemerle.Statechart.FsmParser.__GENERATED_PEG__RULE__trans_act_list__(System.Int32,System.String,Nemerle.Statechart.Actions@)" />
    <member name="F:Nemerle.Statechart.FsmParser.__GENERATED_PEG__MaxRollback___trans_act_list__" />
    <member name="F:Nemerle.Statechart.FsmParser.__GENERATED_PEG__Memeoize_Res__trans_act_list__" />
    <member name="F:Nemerle.Statechart.FsmParser.__GENERATED_PEG__Memeoize_End__trans_act_list__" />
    <member name="F:Nemerle.Statechart.FsmParser.__GENERATED_PEG__Memeoize_Pos__trans_act_list__" />
    <member name="M:Nemerle.Statechart.FsmParser.__GENERATED_PEG__RULE__goto__(System.Int32,System.String)" />
    <member name="M:Nemerle.Statechart.FsmParser.__GENERATED_PEG__RULE__dollar__(System.Int32,System.String)" />
    <member name="M:Nemerle.Statechart.FsmParser.__GENERATED_PEG__RULE__choice_target__(System.Int32,System.String,Nemerle.Statechart.TargetType@)" />
    <member name="F:Nemerle.Statechart.FsmParser.__GENERATED_PEG__MaxRollback___choice_target__" />
    <member name="F:Nemerle.Statechart.FsmParser.__GENERATED_PEG__Memeoize_Res__choice_target__" />
    <member name="F:Nemerle.Statechart.FsmParser.__GENERATED_PEG__Memeoize_End__choice_target__" />
    <member name="F:Nemerle.Statechart.FsmParser.__GENERATED_PEG__Memeoize_Pos__choice_target__" />
    <member name="M:Nemerle.Statechart.FsmParser.__GENERATED_PEG__RULE__is_in_state__(System.Int32,System.String,Nemerle.Statechart.GuardNode@)" />
    <member name="F:Nemerle.Statechart.FsmParser.__GENERATED_PEG__MaxRollback___is_in_state__" />
    <member name="F:Nemerle.Statechart.FsmParser.__GENERATED_PEG__Memeoize_Res__is_in_state__" />
    <member name="F:Nemerle.Statechart.FsmParser.__GENERATED_PEG__Memeoize_End__is_in_state__" />
    <member name="F:Nemerle.Statechart.FsmParser.__GENERATED_PEG__Memeoize_Pos__is_in_state__" />
    <member name="M:Nemerle.Statechart.FsmParser.__GENERATED_PEG__RULE__simple_guard__(System.Int32,System.String,Nemerle.Statechart.GuardNode@)" />
    <member name="F:Nemerle.Statechart.FsmParser.__GENERATED_PEG__MaxRollback___simple_guard__" />
    <member name="F:Nemerle.Statechart.FsmParser.__GENERATED_PEG__Memeoize_Res__simple_guard__" />
    <member name="F:Nemerle.Statechart.FsmParser.__GENERATED_PEG__Memeoize_End__simple_guard__" />
    <member name="F:Nemerle.Statechart.FsmParser.__GENERATED_PEG__Memeoize_Pos__simple_guard__" />
    <member name="M:Nemerle.Statechart.FsmParser.__GENERATED_PEG__RULE__guard_type__(System.Int32,System.String,Nemerle.Statechart.GuardNode@)" />
    <member name="F:Nemerle.Statechart.FsmParser.__GENERATED_PEG__MaxRollback___guard_type__" />
    <member name="F:Nemerle.Statechart.FsmParser.__GENERATED_PEG__Memeoize_Res__guard_type__" />
    <member name="F:Nemerle.Statechart.FsmParser.__GENERATED_PEG__Memeoize_End__guard_type__" />
    <member name="F:Nemerle.Statechart.FsmParser.__GENERATED_PEG__Memeoize_Pos__guard_type__" />
    <member name="M:Nemerle.Statechart.FsmParser.__GENERATED_PEG__RULE__junction_body__(System.Int32,System.String,System.Collections.Generic.List{Nemerle.Statechart.TransitionNode.JunctionNode}@)" />
    <member name="F:Nemerle.Statechart.FsmParser.__GENERATED_PEG__MaxRollback___junction_body__" />
    <member name="F:Nemerle.Statechart.FsmParser.__GENERATED_PEG__Memeoize_Res__junction_body__" />
    <member name="F:Nemerle.Statechart.FsmParser.__GENERATED_PEG__Memeoize_End__junction_body__" />
    <member name="F:Nemerle.Statechart.FsmParser.__GENERATED_PEG__Memeoize_Pos__junction_body__" />
    <member name="M:Nemerle.Statechart.FsmParser.__GENERATED_PEG__RULE__junction_target__(System.Int32,System.String,Nemerle.Statechart.TargetType@)" />
    <member name="F:Nemerle.Statechart.FsmParser.__GENERATED_PEG__MaxRollback___junction_target__" />
    <member name="F:Nemerle.Statechart.FsmParser.__GENERATED_PEG__Memeoize_Res__junction_target__" />
    <member name="F:Nemerle.Statechart.FsmParser.__GENERATED_PEG__Memeoize_End__junction_target__" />
    <member name="F:Nemerle.Statechart.FsmParser.__GENERATED_PEG__Memeoize_Pos__junction_target__" />
    <member name="M:Nemerle.Statechart.FsmParser.__GENERATED_PEG__RULE__target_letter__(System.Int32,System.String)" />
    <member name="M:Nemerle.Statechart.FsmParser.__GENERATED_PEG__RULE__target_id__(System.Int32,System.String)" />
    <member name="M:Nemerle.Statechart.FsmParser.__GENERATED_PEG__RULE__point__(System.Int32,System.String)" />
    <member name="M:Nemerle.Statechart.FsmParser.__GENERATED_PEG__RULE__fully_qualified__(System.Int32,System.String,Nemerle.Statechart.NameIdentifier@)" />
    <member name="F:Nemerle.Statechart.FsmParser.__GENERATED_PEG__MaxRollback___fully_qualified__" />
    <member name="F:Nemerle.Statechart.FsmParser.__GENERATED_PEG__Memeoize_Res__fully_qualified__" />
    <member name="F:Nemerle.Statechart.FsmParser.__GENERATED_PEG__Memeoize_End__fully_qualified__" />
    <member name="F:Nemerle.Statechart.FsmParser.__GENERATED_PEG__Memeoize_Pos__fully_qualified__" />
    <member name="M:Nemerle.Statechart.FsmParser.__GENERATED_PEG__RULE__simple_target__(System.Int32,System.String,Nemerle.Statechart.TargetType@)" />
    <member name="F:Nemerle.Statechart.FsmParser.__GENERATED_PEG__MaxRollback___simple_target__" />
    <member name="F:Nemerle.Statechart.FsmParser.__GENERATED_PEG__Memeoize_Res__simple_target__" />
    <member name="F:Nemerle.Statechart.FsmParser.__GENERATED_PEG__Memeoize_End__simple_target__" />
    <member name="F:Nemerle.Statechart.FsmParser.__GENERATED_PEG__Memeoize_Pos__simple_target__" />
    <member name="M:Nemerle.Statechart.FsmParser.__GENERATED_PEG__RULE__end_symb__(System.Int32,System.String)" />
    <member name="M:Nemerle.Statechart.FsmParser.__GENERATED_PEG__RULE__delimiter__(System.Int32,System.String)" />
    <member name="M:Nemerle.Statechart.FsmParser.__GENERATED_PEG__RULE__trans_target__(System.Int32,System.String,Nemerle.Statechart.TargetType@)" />
    <member name="F:Nemerle.Statechart.FsmParser.__GENERATED_PEG__MaxRollback___trans_target__" />
    <member name="F:Nemerle.Statechart.FsmParser.__GENERATED_PEG__Memeoize_Res__trans_target__" />
    <member name="F:Nemerle.Statechart.FsmParser.__GENERATED_PEG__Memeoize_End__trans_target__" />
    <member name="F:Nemerle.Statechart.FsmParser.__GENERATED_PEG__Memeoize_Pos__trans_target__" />
    <member name="M:Nemerle.Statechart.FsmParser.__GENERATED_PEG__RULE__transition_target__(System.Int32,System.String,Nemerle.Statechart.TargetType@)" />
    <member name="F:Nemerle.Statechart.FsmParser.__GENERATED_PEG__MaxRollback___transition_target__" />
    <member name="F:Nemerle.Statechart.FsmParser.__GENERATED_PEG__Memeoize_Res__transition_target__" />
    <member name="F:Nemerle.Statechart.FsmParser.__GENERATED_PEG__Memeoize_End__transition_target__" />
    <member name="F:Nemerle.Statechart.FsmParser.__GENERATED_PEG__Memeoize_Pos__transition_target__" />
    <member name="M:Nemerle.Statechart.FsmParser.__GENERATED_PEG__RULE__transition_mark__(System.Int32,System.String,Nemerle.Statechart.StateNode.Transition@)" />
    <member name="F:Nemerle.Statechart.FsmParser.__GENERATED_PEG__MaxRollback___transition_mark__" />
    <member name="F:Nemerle.Statechart.FsmParser.__GENERATED_PEG__Memeoize_Res__transition_mark__" />
    <member name="F:Nemerle.Statechart.FsmParser.__GENERATED_PEG__Memeoize_End__transition_mark__" />
    <member name="F:Nemerle.Statechart.FsmParser.__GENERATED_PEG__Memeoize_Pos__transition_mark__" />
    <member name="M:Nemerle.Statechart.FsmParser.__GENERATED_PEG__RULE__simple_transition__(System.Int32,System.String,Nemerle.Statechart.StateNode.Transition@)" />
    <member name="F:Nemerle.Statechart.FsmParser.__GENERATED_PEG__MaxRollback___simple_transition__" />
    <member name="F:Nemerle.Statechart.FsmParser.__GENERATED_PEG__Memeoize_Res__simple_transition__" />
    <member name="F:Nemerle.Statechart.FsmParser.__GENERATED_PEG__Memeoize_End__simple_transition__" />
    <member name="F:Nemerle.Statechart.FsmParser.__GENERATED_PEG__Memeoize_Pos__simple_transition__" />
    <member name="M:Nemerle.Statechart.FsmParser.__GENERATED_PEG__RULE__transitions__(System.Int32,System.String,System.Collections.Generic.List{Nemerle.Statechart.StateNode.Transition}@)" />
    <member name="F:Nemerle.Statechart.FsmParser.__GENERATED_PEG__MaxRollback___transitions__" />
    <member name="F:Nemerle.Statechart.FsmParser.__GENERATED_PEG__Memeoize_Res__transitions__" />
    <member name="F:Nemerle.Statechart.FsmParser.__GENERATED_PEG__Memeoize_End__transitions__" />
    <member name="F:Nemerle.Statechart.FsmParser.__GENERATED_PEG__Memeoize_Pos__transitions__" />
    <member name="M:Nemerle.Statechart.FsmParser.__GENERATED_PEG__RULE__close_brace__(System.Int32,System.String)" />
    <member name="M:Nemerle.Statechart.FsmParser.__GENERATED_PEG__RULE__machine_body__(System.Int32,System.String,System.Collections.Generic.List{Nemerle.Statechart.StateNode.Transition}@)" />
    <member name="F:Nemerle.Statechart.FsmParser.__GENERATED_PEG__MaxRollback___machine_body__" />
    <member name="F:Nemerle.Statechart.FsmParser.__GENERATED_PEG__Memeoize_Res__machine_body__" />
    <member name="F:Nemerle.Statechart.FsmParser.__GENERATED_PEG__Memeoize_End__machine_body__" />
    <member name="F:Nemerle.Statechart.FsmParser.__GENERATED_PEG__Memeoize_Pos__machine_body__" />
    <member name="M:Nemerle.Statechart.FsmParser.__GENERATED_PEG__RULE__statemachine__(System.Int32,System.String,Nemerle.Statechart.StateNode@)" />
    <member name="F:Nemerle.Statechart.FsmParser.__GENERATED_PEG__MaxRollback___statemachine__" />
    <member name="F:Nemerle.Statechart.FsmParser.__GENERATED_PEG__Memeoize_Res__statemachine__" />
    <member name="F:Nemerle.Statechart.FsmParser.__GENERATED_PEG__Memeoize_End__statemachine__" />
    <member name="F:Nemerle.Statechart.FsmParser.__GENERATED_PEG__Memeoize_Pos__statemachine__" />
    <member name="M:Nemerle.Statechart.FsmParser.__GENERATED_PEG__RULE__stateDecl__(System.Int32,System.String,Nemerle.Statechart.StateNode@)" />
    <member name="F:Nemerle.Statechart.FsmParser.__GENERATED_PEG__MaxRollback___stateDecl__" />
    <member name="F:Nemerle.Statechart.FsmParser.__GENERATED_PEG__Memeoize_Res__stateDecl__" />
    <member name="F:Nemerle.Statechart.FsmParser.__GENERATED_PEG__Memeoize_End__stateDecl__" />
    <member name="F:Nemerle.Statechart.FsmParser.__GENERATED_PEG__Memeoize_Pos__stateDecl__" />
    <member name="M:Nemerle.Statechart.FsmParser.__GENERATED_PEG__RULE__spaces__(System.Int32,System.String)" />
    <member name="M:Nemerle.Statechart.FsmParser.__GENERATED_PEG__RULE__s__(System.Int32,System.String)" />
    <member name="M:Nemerle.Statechart.FsmParser.__GENERATED_PEG__RULE__stateMachine__(System.Int32,System.String,Nemerle.Statechart.StateNode.StateMachine@)" />
    <member name="F:Nemerle.Statechart.FsmParser.__GENERATED_PEG__MaxRollback___stateMachine__" />
    <member name="F:Nemerle.Statechart.FsmParser.__GENERATED_PEG__Memeoize_Res__stateMachine__" />
    <member name="F:Nemerle.Statechart.FsmParser.__GENERATED_PEG__Memeoize_End__stateMachine__" />
    <member name="F:Nemerle.Statechart.FsmParser.__GENERATED_PEG__Memeoize_Pos__stateMachine__" />
    <member name="M:Nemerle.Statechart.FsmParser.#ctor" />
    <member name="M:Nemerle.Statechart.FsmParser.fully_qualified(Nemerle.Peg.NToken,System.Collections.Generic.List{Nemerle.Peg.NToken})" />
    <member name="M:Nemerle.Statechart.FsmParser.simple_guard(Nemerle.Peg.NToken)" />
    <member name="M:Nemerle.Statechart.FsmParser.simple_target(Nemerle.Statechart.NameIdentifier)" />
    <member name="M:Nemerle.Statechart.FsmParser.transition_mark(Nemerle.Core.option{Nemerle.Statechart.GuardNode},Nemerle.Core.option{Nemerle.Statechart.Actions},Nemerle.Statechart.TargetType)" />
    <member name="M:Nemerle.Statechart.FsmParser.default_transition(Nemerle.Core.option{Nemerle.Statechart.Actions},Nemerle.Statechart.TargetType)" />
    <member name="M:Nemerle.Statechart.FsmParser.events(Nemerle.Peg.NToken,System.Collections.Generic.List{Nemerle.Peg.NToken})" />
    <member name="M:Nemerle.Statechart.FsmParser.simple_transition(System.Collections.Generic.List{Nemerle.Statechart.TransitionNode.Event},Nemerle.Statechart.StateNode.Transition)" />
    <member name="M:Nemerle.Statechart.FsmParser.simp_transition(Nemerle.Statechart.StateNode.Transition)" />
    <member name="M:Nemerle.Statechart.FsmParser.simple_attrs(System.Collections.Generic.List{System.Collections.Generic.List{Nemerle.Peg.NToken}})" />
    <member name="M:Nemerle.Statechart.FsmParser.is_in_state(Nemerle.Peg.NToken,Nemerle.Peg.NToken,Nemerle.Peg.NToken,Nemerle.Peg.NToken)" />
    <member name="M:Nemerle.Statechart.FsmParser.attributes(System.Collections.Generic.List{Nemerle.Peg.NToken})" />
    <member name="M:Nemerle.Statechart.FsmParser.trans_act_list(System.Collections.Generic.List{Nemerle.Peg.NToken})" />
    <member name="M:Nemerle.Statechart.FsmParser.block_action_list(System.Collections.Generic.List{Nemerle.Peg.NToken})" />
    <member name="M:Nemerle.Statechart.FsmParser.empty_action_list(Nemerle.Peg.NToken)" />
    <member name="M:Nemerle.Statechart.FsmParser.delim_action_list(System.Collections.Generic.List{Nemerle.Peg.NToken})" />
    <member name="M:Nemerle.Statechart.FsmParser.entry(Nemerle.Core.option{System.Collections.Generic.List{Nemerle.Peg.NToken}},Nemerle.Peg.NToken,Nemerle.Core.option{Nemerle.Statechart.Actions})" />
    <member name="M:Nemerle.Statechart.FsmParser.exit(Nemerle.Core.option{System.Collections.Generic.List{Nemerle.Peg.NToken}},Nemerle.Peg.NToken,Nemerle.Core.option{Nemerle.Statechart.Actions})" />
    <member name="M:Nemerle.Statechart.FsmParser.get_action_attr(Nemerle.Core.list{Nemerle.Peg.NToken})" />
    <member name="M:Nemerle.Statechart.FsmParser.do_activity(Nemerle.Core.option{System.Collections.Generic.List{Nemerle.Peg.NToken}},Nemerle.Peg.NToken,Nemerle.Statechart.Actions)" />
    <member name="M:Nemerle.Statechart.FsmParser.internal_trans(Nemerle.Peg.NToken,Nemerle.Core.option{Nemerle.Statechart.GuardNode},Nemerle.Statechart.Actions)" />
    <member name="M:Nemerle.Statechart.FsmParser.initial_trans(Nemerle.Peg.NToken,Nemerle.Statechart.StateNode.Transition)" />
    <member name="M:Nemerle.Statechart.FsmParser.state(Nemerle.Core.option{System.Collections.Generic.List{Nemerle.Statechart.StateAttribute}},Nemerle.Peg.NToken,System.Collections.Generic.List{Nemerle.Statechart.StateNode})" />
    <member name="M:Nemerle.Statechart.FsmParser.flags(System.Collections.Generic.List{Nemerle.Peg.NToken})" />
    <member name="M:Nemerle.Statechart.FsmParser.history_deep(Nemerle.Peg.NToken,Nemerle.Core.option{Nemerle.Statechart.StateNode.Default})" />
    <member name="M:Nemerle.Statechart.FsmParser.history_shallow(Nemerle.Peg.NToken,Nemerle.Core.option{Nemerle.Statechart.StateNode.Default})" />
    <member name="M:Nemerle.Statechart.FsmParser.history_long(Nemerle.Peg.NToken,Nemerle.Core.option{Nemerle.Statechart.StateNode.Default})" />
    <member name="M:Nemerle.Statechart.FsmParser.terminate_node(Nemerle.Peg.NToken)" />
    <member name="M:Nemerle.Statechart.FsmParser.join(Nemerle.Peg.NToken,Nemerle.Peg.NToken,Nemerle.Statechart.TargetType)" />
    <member name="M:Nemerle.Statechart.FsmParser.junction_target(System.Collections.Generic.List{Nemerle.Statechart.TransitionNode.JunctionNode})" />
    <member name="M:Nemerle.Statechart.FsmParser.junction(Nemerle.Peg.NToken,Nemerle.Peg.NToken,System.Collections.Generic.List{Nemerle.Statechart.TransitionNode.JunctionNode})" />
    <member name="M:Nemerle.Statechart.FsmParser.create_junc_node(Nemerle.Core.option{Nemerle.Statechart.GuardNode},Nemerle.Core.option{Nemerle.Statechart.Actions},Nemerle.Statechart.TargetType)" />
    <member name="M:Nemerle.Statechart.FsmParser.junction_body(System.Collections.Generic.List{Nemerle.Builtins.Tuple{Nemerle.Core.option{Nemerle.Statechart.GuardNode},Nemerle.Core.option{Nemerle.Statechart.Actions},Nemerle.Statechart.TargetType}})" />
    <member name="M:Nemerle.Statechart.FsmParser.choice_target(Nemerle.Peg.NToken,System.Collections.Generic.List{Nemerle.Statechart.TransitionNode.JunctionNode})" />
    <member name="M:Nemerle.Statechart.FsmParser.choice(Nemerle.Peg.NToken,Nemerle.Peg.NToken,Nemerle.Peg.NToken,System.Collections.Generic.List{Nemerle.Statechart.TransitionNode.JunctionNode})" />
    <member name="M:Nemerle.Statechart.FsmParser.merge(Nemerle.Peg.NToken,Nemerle.Peg.NToken,Nemerle.Core.option{Nemerle.Statechart.GuardNode},Nemerle.Core.option{Nemerle.Statechart.Actions},Nemerle.Statechart.TargetType)" />
    <member name="M:Nemerle.Statechart.FsmParser.trans_target(Nemerle.Statechart.TargetType,System.Collections.Generic.List{Nemerle.Statechart.TargetType})" />
    <member name="M:Nemerle.Statechart.FsmParser.inlined_fsm(Nemerle.Peg.NToken,Nemerle.Peg.NToken,Nemerle.Peg.NToken,Nemerle.Peg.NToken,System.Collections.Generic.List{Nemerle.Statechart.StateNode})" />
    <member name="M:Nemerle.Statechart.FsmParser.statemachine(Nemerle.Peg.NToken,Nemerle.Peg.NToken,Nemerle.Peg.NToken,System.Collections.Generic.List{Nemerle.Statechart.StateNode.Transition})" />
    <member name="M:Nemerle.Statechart.FsmParser.stateMachine(Nemerle.Peg.NToken,Nemerle.Core.option{Nemerle.Statechart.MachineFlags},System.Collections.Generic.List{Nemerle.Statechart.StateNode})" />
    <member name="M:Nemerle.Statechart.FsmParser.region(Nemerle.Peg.NToken,Nemerle.Peg.NToken)" />
    <member name="M:Nemerle.Statechart.FsmParser.create_event(Nemerle.Peg.NToken)" />
    <member name="M:Nemerle.Statechart.FsmParser.create_guard(Nemerle.Peg.NToken)" />
    <member name="M:Nemerle.Statechart.FsmParser.create_action(System.Collections.Generic.List{Nemerle.Peg.NToken})" />
    <member name="M:Nemerle.Statechart.FsmParser.CreateState(System.Int32,System.String,Nemerle.Core.list{Nemerle.Statechart.StateAttribute},Nemerle.Core.list{Nemerle.Statechart.StateNode},Nemerle.Statechart.StateType)" />
    <member name="M:Nemerle.Statechart.FsmParser.def_history(Nemerle.Statechart.HistoryType,Nemerle.Peg.NToken,Nemerle.Core.option{Nemerle.Statechart.StateNode.Default})" />
  </members>
</doc>