<?xml version="1.0"?>
<doc>
  <assembly>
    <name>C:\TeamCity\buildAgent\work\b8caae985926e367\bin\Release\net-4.5\\PowerPack\\Nemerle.Statechart.Ast.xml</name>
  </assembly>
  <members>
    <member name="T:Nemerle.Statechart.Actions" />
    <member name="F:Nemerle.Statechart.Actions.pos" />
    <member name="F:Nemerle.Statechart.Actions.actions" />
    <member name="M:Nemerle.Statechart.Actions.#ctor(Nemerle.Core.list{System.String})" />
    <member name="M:Nemerle.Statechart.Actions.get_ActionList" />
    <member name="P:Nemerle.Statechart.Actions.ActionList" />
    <member name="M:Nemerle.Statechart.Actions.get_Empty" />
    <member name="P:Nemerle.Statechart.Actions.Empty" />
    <member name="M:Nemerle.Statechart.Actions.ToString" />
    <member name="M:Nemerle.Statechart.Actions.#ctor(System.Int32,Nemerle.Core.list{System.String})" />
    <member name="T:Nemerle.Statechart.HistoryType" />
    <member name="F:Nemerle.Statechart.HistoryType.value__" />
    <member name="F:Nemerle.Statechart.HistoryType.None" />
    <member name="F:Nemerle.Statechart.HistoryType.Shallow" />
    <member name="F:Nemerle.Statechart.HistoryType.Deep" />
    <member name="T:Nemerle.Statechart.NameIdentifier" />
    <member name="F:Nemerle.Statechart.NameIdentifier.pos" />
    <member name="F:Nemerle.Statechart.NameIdentifier.name" />
    <member name="M:Nemerle.Statechart.NameIdentifier.get_TargetName" />
    <member name="P:Nemerle.Statechart.NameIdentifier.TargetName" />
    <member name="M:Nemerle.Statechart.NameIdentifier.get_ParentName" />
    <member name="P:Nemerle.Statechart.NameIdentifier.ParentName" />
    <member name="M:Nemerle.Statechart.NameIdentifier.GetState" />
    <member name="M:Nemerle.Statechart.NameIdentifier.GetNode" />
    <member name="M:Nemerle.Statechart.NameIdentifier._N_GetVariantCode" />
    <member name="M:Nemerle.Statechart.NameIdentifier._N_GetVariantCodeSafe(Nemerle.Statechart.NameIdentifier)" />
    <member name="M:Nemerle.Statechart.NameIdentifier._N_GetVariantCodeObject(System.Object)" />
    <member name="M:Nemerle.Statechart.NameIdentifier.#ctor(System.Int32,System.String)" />
    <member name="T:Nemerle.Statechart.NameIdentifier.Name" />
    <member name="T:Nemerle.Statechart.NameIdentifier.QualifiedName" />
    <member name="T:Nemerle.Statechart.GuardNode" />
    <member name="F:Nemerle.Statechart.GuardNode.pos" />
    <member name="M:Nemerle.Statechart.GuardNode.ToString" />
    <member name="M:Nemerle.Statechart.GuardNode.get_Name" />
    <member name="P:Nemerle.Statechart.GuardNode.Name" />
    <member name="M:Nemerle.Statechart.GuardNode.CompareTo(Nemerle.Statechart.GuardNode)" />
    <member name="M:Nemerle.Statechart.GuardNode._N_GetVariantCode" />
    <member name="M:Nemerle.Statechart.GuardNode._N_GetVariantCodeSafe(Nemerle.Statechart.GuardNode)" />
    <member name="M:Nemerle.Statechart.GuardNode._N_GetVariantCodeObject(System.Object)" />
    <member name="M:Nemerle.Statechart.GuardNode.#ctor(System.Int32)" />
    <member name="T:Nemerle.Statechart.GuardNode.Guard" />
    <member name="T:Nemerle.Statechart.GuardNode.InState" />
    <member name="T:Nemerle.Statechart.GuardNode.Else" />
    <member name="T:Nemerle.Statechart.TransitionNode" />
    <member name="F:Nemerle.Statechart.TransitionNode.pos" />
    <member name="M:Nemerle.Statechart.TransitionNode._N_GetVariantCode" />
    <member name="M:Nemerle.Statechart.TransitionNode._N_GetVariantCodeSafe(Nemerle.Statechart.TransitionNode)" />
    <member name="M:Nemerle.Statechart.TransitionNode._N_GetVariantCodeObject(System.Object)" />
    <member name="M:Nemerle.Statechart.TransitionNode.#ctor(System.Int32)" />
    <member name="T:Nemerle.Statechart.TransitionNode.Event" />
    <member name="T:Nemerle.Statechart.TransitionNode.JunctionNode" />
    <member name="T:Nemerle.Statechart.StateAttribute" />
    <member name="F:Nemerle.Statechart.StateAttribute.pos" />
    <member name="M:Nemerle.Statechart.StateAttribute.get_Pos" />
    <member name="P:Nemerle.Statechart.StateAttribute.Pos" />
    <member name="M:Nemerle.Statechart.StateAttribute._N_GetVariantCode" />
    <member name="M:Nemerle.Statechart.StateAttribute._N_GetVariantCodeSafe(Nemerle.Statechart.StateAttribute)" />
    <member name="M:Nemerle.Statechart.StateAttribute._N_GetVariantCodeObject(System.Object)" />
    <member name="M:Nemerle.Statechart.StateAttribute.#ctor(System.Int32)" />
    <member name="T:Nemerle.Statechart.StateAttribute.None" />
    <member name="T:Nemerle.Statechart.StateAttribute.Initial" />
    <member name="T:Nemerle.Statechart.StateAttribute.ManualCompletion" />
    <member name="T:Nemerle.Statechart.StateAttribute.Unknown" />
    <member name="T:Nemerle.Statechart.MachineFlag" />
    <member name="F:Nemerle.Statechart.MachineFlag.value__" />
    <member name="F:Nemerle.Statechart.MachineFlag.None" />
    <member name="F:Nemerle.Statechart.MachineFlag.Debug" />
    <member name="F:Nemerle.Statechart.MachineFlag.AutoInitial" />
    <member name="F:Nemerle.Statechart.MachineFlag.LocalDefault" />
    <member name="F:Nemerle.Statechart.MachineFlag.TransitionCompleted" />
    <member name="F:Nemerle.Statechart.MachineFlag.CompletionStrict" />
    <member name="T:Nemerle.Statechart.MachineFlags" />
    <member name="F:Nemerle.Statechart.MachineFlags.flags" />
    <member name="F:Nemerle.Statechart.MachineFlags.errors" />
    <member name="M:Nemerle.Statechart.MachineFlags.get_AutoInitial" />
    <member name="P:Nemerle.Statechart.MachineFlags.AutoInitial" />
    <member name="M:Nemerle.Statechart.MachineFlags.get_LocalDefault" />
    <member name="P:Nemerle.Statechart.MachineFlags.LocalDefault" />
    <member name="M:Nemerle.Statechart.MachineFlags.get_Debug" />
    <member name="P:Nemerle.Statechart.MachineFlags.Debug" />
    <member name="M:Nemerle.Statechart.MachineFlags.get_CompletionStrict" />
    <member name="P:Nemerle.Statechart.MachineFlags.CompletionStrict" />
    <member name="M:Nemerle.Statechart.MachineFlags.get_TransitionCompleted" />
    <member name="P:Nemerle.Statechart.MachineFlags.TransitionCompleted" />
    <member name="M:Nemerle.Statechart.MachineFlags.#ctor(Nemerle.Statechart.MachineFlag,Nemerle.Core.list{System.String})" />
    <member name="T:Nemerle.Statechart.ActionFlags" />
    <member name="F:Nemerle.Statechart.ActionFlags.value__" />
    <member name="F:Nemerle.Statechart.ActionFlags.None" />
    <member name="T:Nemerle.Statechart.ActivityFlag" />
    <member name="F:Nemerle.Statechart.ActivityFlag.value__" />
    <member name="F:Nemerle.Statechart.ActivityFlag.None" />
    <member name="F:Nemerle.Statechart.ActivityFlag.Concurrently" />
    <member name="F:Nemerle.Statechart.ActivityFlag.NoWaitCancel" />
    <member name="F:Nemerle.Statechart.ActivityFlag.NotLong" />
    <member name="T:Nemerle.Statechart.PseudoStateAstNode" />
    <member name="F:Nemerle.Statechart.PseudoStateAstNode.pos" />
    <member name="M:Nemerle.Statechart.PseudoStateAstNode._N_GetVariantCode" />
    <member name="M:Nemerle.Statechart.PseudoStateAstNode._N_GetVariantCodeSafe(Nemerle.Statechart.PseudoStateAstNode)" />
    <member name="M:Nemerle.Statechart.PseudoStateAstNode._N_GetVariantCodeObject(System.Object)" />
    <member name="M:Nemerle.Statechart.PseudoStateAstNode.#ctor(System.Int32)" />
    <member name="T:Nemerle.Statechart.PseudoStateAstNode.Fork" />
    <member name="T:Nemerle.Statechart.PseudoStateAstNode.Join" />
    <member name="T:Nemerle.Statechart.PseudoStateAstNode.Junction" />
    <member name="T:Nemerle.Statechart.PseudoStateAstNode.Choice" />
    <member name="T:Nemerle.Statechart.PseudoStateAstNode.Merge" />
    <member name="T:Nemerle.Statechart.PseudoStateAstNode.EntryPoint" />
    <member name="T:Nemerle.Statechart.PseudoStateAstNode.ExitPoint" />
    <member name="T:Nemerle.Statechart.PseudoStateAstNode.Terminate" />
    <member name="T:Nemerle.Statechart.TargetType" />
    <member name="F:Nemerle.Statechart.TargetType.pos" />
    <member name="M:Nemerle.Statechart.TargetType._N_GetVariantCode" />
    <member name="M:Nemerle.Statechart.TargetType._N_GetVariantCodeSafe(Nemerle.Statechart.TargetType)" />
    <member name="M:Nemerle.Statechart.TargetType._N_GetVariantCodeObject(System.Object)" />
    <member name="M:Nemerle.Statechart.TargetType.#ctor(System.Int32)" />
    <member name="T:Nemerle.Statechart.TargetType.History" />
    <member name="T:Nemerle.Statechart.TargetType.PseudoState" />
    <member name="T:Nemerle.Statechart.TargetType.Final" />
    <member name="T:Nemerle.Statechart.TargetType.State" />
    <member name="T:Nemerle.Statechart.TargetType.Named" />
    <member name="T:Nemerle.Statechart.TargetType.SubMachine" />
    <member name="T:Nemerle.Statechart.TargetType.Qualified" />
    <member name="T:Nemerle.Statechart.StateType" />
    <member name="M:Nemerle.Statechart.StateType.#ctor" />
    <member name="M:Nemerle.Statechart.StateType._N_GetVariantCode" />
    <member name="M:Nemerle.Statechart.StateType._N_GetVariantCodeSafe(Nemerle.Statechart.StateType)" />
    <member name="M:Nemerle.Statechart.StateType._N_GetVariantCodeObject(System.Object)" />
    <member name="T:Nemerle.Statechart.StateType.State" />
    <member name="T:Nemerle.Statechart.StateType.SubMachine" />
    <member name="T:Nemerle.Statechart.StateType.InlinedSubMachine" />
    <member name="T:Nemerle.Statechart.StateType.SubRegion" />
    <member name="T:Nemerle.Statechart.StateNode" />
    <member name="F:Nemerle.Statechart.StateNode.pos" />
    <member name="M:Nemerle.Statechart.StateNode._N_GetVariantCode" />
    <member name="M:Nemerle.Statechart.StateNode._N_GetVariantCodeSafe(Nemerle.Statechart.StateNode)" />
    <member name="M:Nemerle.Statechart.StateNode._N_GetVariantCodeObject(System.Object)" />
    <member name="M:Nemerle.Statechart.StateNode.#ctor(System.Int32)" />
    <member name="T:Nemerle.Statechart.StateNode.StateMachine" />
    <member name="T:Nemerle.Statechart.StateNode.Region" />
    <member name="T:Nemerle.Statechart.StateNode.Initial" />
    <member name="T:Nemerle.Statechart.StateNode.Default" />
    <member name="T:Nemerle.Statechart.StateNode.Final" />
    <member name="T:Nemerle.Statechart.StateNode.State" />
    <member name="T:Nemerle.Statechart.StateNode.Entry" />
    <member name="T:Nemerle.Statechart.StateNode.Exit" />
    <member name="T:Nemerle.Statechart.StateNode.Error" />
    <member name="T:Nemerle.Statechart.StateNode.DoActivity" />
    <member name="T:Nemerle.Statechart.StateNode.InternalTransition" />
    <member name="T:Nemerle.Statechart.StateNode.Transition" />
    <member name="T:Nemerle.Statechart.StateNode.History" />
    <member name="T:Nemerle.Statechart.StateNode.PseudoState" />
  </members>
</doc>