<?xml version="1.0"?>
<doc>
  <assembly>
    <name>C:\TeamCity\buildAgent\work\b8caae985926e367\bin\Release\net-4.5\\PowerPack\\Nemerle.WPF.xml</name>
  </assembly>
  <members>
    <member name="T:Nemerle.WPF.DependencyProperty_property_postscanMacro" />
    <member name="M:Nemerle.WPF.DependencyProperty_property_postscanMacro.#ctor" />
    <member name="F:Nemerle.WPF.DependencyProperty_property_postscanMacro.my_usage" />
    <member name="F:Nemerle.WPF.DependencyProperty_property_postscanMacro.keywords" />
    <member name="M:Nemerle.WPF.DependencyProperty_property_postscanMacro.#cctor" />
    <member name="M:Nemerle.WPF.DependencyProperty_property_postscanMacro.get_Location" />
    <member name="P:Nemerle.WPF.DependencyProperty_property_postscanMacro.Location" />
    <member name="M:Nemerle.WPF.DependencyProperty_property_postscanMacro.get_IsInherited" />
    <member name="P:Nemerle.WPF.DependencyProperty_property_postscanMacro.IsInherited" />
    <member name="M:Nemerle.WPF.DependencyProperty_property_postscanMacro.get_Keywords" />
    <member name="P:Nemerle.WPF.DependencyProperty_property_postscanMacro.Keywords" />
    <member name="M:Nemerle.WPF.DependencyProperty_property_postscanMacro.GetName" />
    <member name="M:Nemerle.WPF.DependencyProperty_property_postscanMacro.get_Name" />
    <member name="P:Nemerle.WPF.DependencyProperty_property_postscanMacro.Name" />
    <member name="M:Nemerle.WPF.DependencyProperty_property_postscanMacro.get_Namespace" />
    <member name="P:Nemerle.WPF.DependencyProperty_property_postscanMacro.Namespace" />
    <member name="M:Nemerle.WPF.DependencyProperty_property_postscanMacro.GetNamespace" />
    <member name="M:Nemerle.WPF.DependencyProperty_property_postscanMacro.get_Usage" />
    <member name="P:Nemerle.WPF.DependencyProperty_property_postscanMacro.Usage" />
    <member name="M:Nemerle.WPF.DependencyProperty_property_postscanMacro.get_IsTailRecursionTransparent" />
    <member name="P:Nemerle.WPF.DependencyProperty_property_postscanMacro.IsTailRecursionTransparent" />
    <member name="M:Nemerle.WPF.DependencyProperty_property_postscanMacro.CallTransform(Nemerle.Core.list{Nemerle.Compiler.Parsetree.PExpr})" />
    <member name="M:Nemerle.WPF.DependencyProperty_property_postscanMacro.Run(Nemerle.Compiler.Typer,Nemerle.Core.list{Nemerle.Compiler.Parsetree.SyntaxElement})" />
    <member name="M:Nemerle.WPF.DependencyProperty_property_postscanMacro.SyntaxExtension" />
    <member name="T:Nemerle.WPF.DependencyProperty_method_postscanMacro" />
    <member name="M:Nemerle.WPF.DependencyProperty_method_postscanMacro.#ctor" />
    <member name="F:Nemerle.WPF.DependencyProperty_method_postscanMacro.my_usage" />
    <member name="F:Nemerle.WPF.DependencyProperty_method_postscanMacro.keywords" />
    <member name="M:Nemerle.WPF.DependencyProperty_method_postscanMacro.#cctor" />
    <member name="M:Nemerle.WPF.DependencyProperty_method_postscanMacro.get_Location" />
    <member name="P:Nemerle.WPF.DependencyProperty_method_postscanMacro.Location" />
    <member name="M:Nemerle.WPF.DependencyProperty_method_postscanMacro.get_IsInherited" />
    <member name="P:Nemerle.WPF.DependencyProperty_method_postscanMacro.IsInherited" />
    <member name="M:Nemerle.WPF.DependencyProperty_method_postscanMacro.get_Keywords" />
    <member name="P:Nemerle.WPF.DependencyProperty_method_postscanMacro.Keywords" />
    <member name="M:Nemerle.WPF.DependencyProperty_method_postscanMacro.GetName" />
    <member name="M:Nemerle.WPF.DependencyProperty_method_postscanMacro.get_Name" />
    <member name="P:Nemerle.WPF.DependencyProperty_method_postscanMacro.Name" />
    <member name="M:Nemerle.WPF.DependencyProperty_method_postscanMacro.get_Namespace" />
    <member name="P:Nemerle.WPF.DependencyProperty_method_postscanMacro.Namespace" />
    <member name="M:Nemerle.WPF.DependencyProperty_method_postscanMacro.GetNamespace" />
    <member name="M:Nemerle.WPF.DependencyProperty_method_postscanMacro.get_Usage" />
    <member name="P:Nemerle.WPF.DependencyProperty_method_postscanMacro.Usage" />
    <member name="M:Nemerle.WPF.DependencyProperty_method_postscanMacro.get_IsTailRecursionTransparent" />
    <member name="P:Nemerle.WPF.DependencyProperty_method_postscanMacro.IsTailRecursionTransparent" />
    <member name="M:Nemerle.WPF.DependencyProperty_method_postscanMacro.CallTransform(Nemerle.Core.list{Nemerle.Compiler.Parsetree.PExpr})" />
    <member name="M:Nemerle.WPF.DependencyProperty_method_postscanMacro.Run(Nemerle.Compiler.Typer,Nemerle.Core.list{Nemerle.Compiler.Parsetree.SyntaxElement})" />
    <member name="M:Nemerle.WPF.DependencyProperty_method_postscanMacro.SyntaxExtension" />
    <member name="T:Nemerle.WPF.DependencyPropertyImpl" />
    <member name="M:Nemerle.WPF.DependencyPropertyImpl._N_checkAccessorAttributes_11043(Nemerle.Compiler.Parsetree.ClassMember.Function)" />
    <member name="M:Nemerle.WPF.DependencyPropertyImpl._N_accessor_11034(Nemerle.WPF.DependencyPropertyImpl._N_closureOf_Implement_11023,Nemerle.Core.option{Nemerle.Compiler.Parsetree.ClassMember.Function})" />
    <member name="M:Nemerle.WPF.DependencyPropertyImpl._N_define_10344(Nemerle.WPF.DependencyPropertyImpl._N_closureOf_DeclareFields_10327,Nemerle.Compiler.Parsetree.ClassMember.Field)" />
    <member name="M:Nemerle.WPF.DependencyPropertyImpl._N_check_9327(Nemerle.Compiler.Parsetree.PExpr,Nemerle.Compiler.Parsetree.PExpr)" />
    <member name="M:Nemerle.WPF.DependencyPropertyImpl.PropertyFieldName(System.String)" />
    <member name="M:Nemerle.WPF.DependencyPropertyImpl.PropertyKeyFieldName(System.String)" />
    <member name="M:Nemerle.WPF.DependencyPropertyImpl.PropertyFieldName(System.String,System.Boolean)" />
    <member name="M:Nemerle.WPF.DependencyPropertyImpl.GetOptions(Nemerle.Core.list{Nemerle.Compiler.Parsetree.PExpr},Nemerle.Compiler.Parsetree.PExpr)" />
    <member name="M:Nemerle.WPF.DependencyPropertyImpl.DeclareFields(Nemerle.Compiler.TypeBuilder,System.String,Nemerle.Compiler.Parsetree.PExpr,Nemerle.Compiler.NemerleModifiers,Nemerle.Core.list{Nemerle.Compiler.Parsetree.PExpr})" />
    <member name="M:Nemerle.WPF.DependencyPropertyImpl.MakeGetValue(Nemerle.Compiler.Parsetree.PExpr,System.String,Nemerle.Compiler.Parsetree.PExpr,Nemerle.Compiler.Typer)" />
    <member name="M:Nemerle.WPF.DependencyPropertyImpl.MakeSetValue(Nemerle.Compiler.Parsetree.PExpr,System.String,System.Boolean)" />
    <member name="M:Nemerle.WPF.DependencyPropertyImpl.GetSetterAccessModifiers(System.Boolean,Nemerle.Compiler.NemerleModifiers)" />
    <member name="M:Nemerle.WPF.DependencyPropertyImpl.CheckArgumentNull(Nemerle.Compiler.Parsetree.PExpr)" />
    <member name="M:Nemerle.WPF.DependencyPropertyImpl.Implement(Nemerle.Compiler.TypeBuilder,Nemerle.Compiler.Parsetree.ClassMember.Property,Nemerle.Compiler.Typer,Nemerle.Core.list{Nemerle.Compiler.Parsetree.PExpr})" />
    <member name="M:Nemerle.WPF.DependencyPropertyImpl.Implement(Nemerle.Compiler.TypeBuilder,Nemerle.Compiler.Parsetree.ClassMember.Function,Nemerle.Compiler.Typer,Nemerle.Core.list{Nemerle.Compiler.Parsetree.PExpr})" />
    <member name="T:_N_MacroContexts" />
    <member name="M:_N_MacroContexts.#cctor" />
    <member name="F:_N_MacroContexts.serialized" />
    <member name="F:_N_MacroContexts.contexts" />
    <member name="F:_N_MacroContexts.last_manager" />
    <member name="M:_N_MacroContexts.Get(System.Int32,Nemerle.Compiler.ManagerClass)" />
    <member name="M:_N_MacroContexts.Clear" />
  </members>
</doc>