<?xml version="1.0"?>
<doc>
  <assembly>
    <name>C:\TeamCity\buildAgent\work\b8caae985926e367\bin\Release\net-4.5\\PowerPack\\Nemerle.Xml.Macro.xml</name>
  </assembly>
  <members>
    <member name="T:Nemerle.Xml.DefineXmlns_assembly_postscanMacro" />
    <member name="M:Nemerle.Xml.DefineXmlns_assembly_postscanMacro.#ctor" />
    <member name="F:Nemerle.Xml.DefineXmlns_assembly_postscanMacro.my_usage" />
    <member name="F:Nemerle.Xml.DefineXmlns_assembly_postscanMacro.keywords" />
    <member name="M:Nemerle.Xml.DefineXmlns_assembly_postscanMacro.#cctor" />
    <member name="M:Nemerle.Xml.DefineXmlns_assembly_postscanMacro.get_Location" />
    <member name="P:Nemerle.Xml.DefineXmlns_assembly_postscanMacro.Location" />
    <member name="M:Nemerle.Xml.DefineXmlns_assembly_postscanMacro.get_IsInherited" />
    <member name="P:Nemerle.Xml.DefineXmlns_assembly_postscanMacro.IsInherited" />
    <member name="M:Nemerle.Xml.DefineXmlns_assembly_postscanMacro.get_Keywords" />
    <member name="P:Nemerle.Xml.DefineXmlns_assembly_postscanMacro.Keywords" />
    <member name="M:Nemerle.Xml.DefineXmlns_assembly_postscanMacro.GetName" />
    <member name="M:Nemerle.Xml.DefineXmlns_assembly_postscanMacro.get_Name" />
    <member name="P:Nemerle.Xml.DefineXmlns_assembly_postscanMacro.Name" />
    <member name="M:Nemerle.Xml.DefineXmlns_assembly_postscanMacro.get_Namespace" />
    <member name="P:Nemerle.Xml.DefineXmlns_assembly_postscanMacro.Namespace" />
    <member name="M:Nemerle.Xml.DefineXmlns_assembly_postscanMacro.GetNamespace" />
    <member name="M:Nemerle.Xml.DefineXmlns_assembly_postscanMacro.get_Usage" />
    <member name="P:Nemerle.Xml.DefineXmlns_assembly_postscanMacro.Usage" />
    <member name="M:Nemerle.Xml.DefineXmlns_assembly_postscanMacro.get_IsTailRecursionTransparent" />
    <member name="P:Nemerle.Xml.DefineXmlns_assembly_postscanMacro.IsTailRecursionTransparent" />
    <member name="M:Nemerle.Xml.DefineXmlns_assembly_postscanMacro.CallTransform(Nemerle.Core.list{Nemerle.Compiler.Parsetree.PExpr})" />
    <member name="M:Nemerle.Xml.DefineXmlns_assembly_postscanMacro.Run(Nemerle.Compiler.Typer,Nemerle.Core.list{Nemerle.Compiler.Parsetree.SyntaxElement})" />
    <member name="M:Nemerle.Xml.DefineXmlns_assembly_postscanMacro.SyntaxExtension" />
    <member name="T:Nemerle.Xml.DefineXmlnsImpl" />
    <member name="F:Nemerle.Xml.DefineXmlnsImpl.XLinqXmlNamespasecId" />
    <member name="M:Nemerle.Xml.DefineXmlnsImpl.MakeXNameFieldRef(Nemerle.Compiler.Typer,Nemerle.Compiler.Location,System.String,System.String,Nemerle.Collections.Set{System.String})" />
    <member name="M:Nemerle.Xml.DefineXmlnsImpl.GetNamespacePrefixField(Nemerle.Compiler.Typer,Nemerle.Compiler.Location,System.String)" />
    <member name="M:Nemerle.Xml.DefineXmlnsImpl.GetXLinqXmlNamespasecType(Nemerle.Compiler.Typer)" />
    <member name="M:Nemerle.Xml.DefineXmlnsImpl.DoTransform(Nemerle.Compiler.Typer,Nemerle.Compiler.Parsetree.PExpr[])" />
    <member name="T:Nemerle.Xml.Macro.XMacro">
      <summary>
        <para>Macro for XName generation. It is support of XML ns.

</para>
      </summary>
    </member>
    <member name="M:Nemerle.Xml.Macro.XMacro.#ctor" />
    <member name="F:Nemerle.Xml.Macro.XMacro.my_usage" />
    <member name="F:Nemerle.Xml.Macro.XMacro.keywords" />
    <member name="M:Nemerle.Xml.Macro.XMacro.#cctor" />
    <member name="M:Nemerle.Xml.Macro.XMacro.get_Location" />
    <member name="P:Nemerle.Xml.Macro.XMacro.Location" />
    <member name="M:Nemerle.Xml.Macro.XMacro.get_IsInherited" />
    <member name="P:Nemerle.Xml.Macro.XMacro.IsInherited" />
    <member name="M:Nemerle.Xml.Macro.XMacro.get_Keywords" />
    <member name="P:Nemerle.Xml.Macro.XMacro.Keywords" />
    <member name="M:Nemerle.Xml.Macro.XMacro.GetName" />
    <member name="M:Nemerle.Xml.Macro.XMacro.get_Name" />
    <member name="P:Nemerle.Xml.Macro.XMacro.Name" />
    <member name="M:Nemerle.Xml.Macro.XMacro.get_Namespace" />
    <member name="P:Nemerle.Xml.Macro.XMacro.Namespace" />
    <member name="M:Nemerle.Xml.Macro.XMacro.GetNamespace" />
    <member name="M:Nemerle.Xml.Macro.XMacro.get_Usage" />
    <member name="P:Nemerle.Xml.Macro.XMacro.Usage" />
    <member name="M:Nemerle.Xml.Macro.XMacro.get_IsTailRecursionTransparent" />
    <member name="P:Nemerle.Xml.Macro.XMacro.IsTailRecursionTransparent" />
    <member name="M:Nemerle.Xml.Macro.XMacro.CallTransform(Nemerle.Core.list{Nemerle.Compiler.Parsetree.PExpr})" />
    <member name="M:Nemerle.Xml.Macro.XMacro.Run(Nemerle.Compiler.Typer,Nemerle.Core.list{Nemerle.Compiler.Parsetree.SyntaxElement})" />
    <member name="M:Nemerle.Xml.Macro.XMacro.SyntaxExtension" />
    <member name="T:Nemerle.Xml.Macro.Impl" />
    <member name="M:Nemerle.Xml.Macro.Impl.DoX(Nemerle.Compiler.Typer,Nemerle.Compiler.Parsetree.PExpr)" />
    <member name="T:Nemerle.Xml.XmlQuotingMacro" />
    <member name="M:Nemerle.Xml.XmlQuotingMacro.#ctor" />
    <member name="F:Nemerle.Xml.XmlQuotingMacro.my_usage" />
    <member name="F:Nemerle.Xml.XmlQuotingMacro.keywords" />
    <member name="M:Nemerle.Xml.XmlQuotingMacro.#cctor" />
    <member name="M:Nemerle.Xml.XmlQuotingMacro.get_Location" />
    <member name="P:Nemerle.Xml.XmlQuotingMacro.Location" />
    <member name="M:Nemerle.Xml.XmlQuotingMacro.get_IsInherited" />
    <member name="P:Nemerle.Xml.XmlQuotingMacro.IsInherited" />
    <member name="M:Nemerle.Xml.XmlQuotingMacro.get_Keywords" />
    <member name="P:Nemerle.Xml.XmlQuotingMacro.Keywords" />
    <member name="M:Nemerle.Xml.XmlQuotingMacro.GetName" />
    <member name="M:Nemerle.Xml.XmlQuotingMacro.get_Name" />
    <member name="P:Nemerle.Xml.XmlQuotingMacro.Name" />
    <member name="M:Nemerle.Xml.XmlQuotingMacro.get_Namespace" />
    <member name="P:Nemerle.Xml.XmlQuotingMacro.Namespace" />
    <member name="M:Nemerle.Xml.XmlQuotingMacro.GetNamespace" />
    <member name="M:Nemerle.Xml.XmlQuotingMacro.get_Usage" />
    <member name="P:Nemerle.Xml.XmlQuotingMacro.Usage" />
    <member name="M:Nemerle.Xml.XmlQuotingMacro.get_IsTailRecursionTransparent" />
    <member name="P:Nemerle.Xml.XmlQuotingMacro.IsTailRecursionTransparent" />
    <member name="M:Nemerle.Xml.XmlQuotingMacro.CallTransform(Nemerle.Core.list{Nemerle.Compiler.Parsetree.PExpr})" />
    <member name="M:Nemerle.Xml.XmlQuotingMacro.Run(Nemerle.Compiler.Typer,Nemerle.Core.list{Nemerle.Compiler.Parsetree.SyntaxElement})" />
    <member name="M:Nemerle.Xml.XmlQuotingMacro.SyntaxExtension" />
    <member name="T:Nemerle.Xml.Impl" />
    <member name="M:Nemerle.Xml.Impl.#cctor" />
    <member name="F:Nemerle.Xml.Impl._debug" />
    <member name="M:Nemerle.Xml.Impl.ToXLinq(Nemerle.Compiler.Typer,Nemerle.Compiler.Parsetree.PExpr)" />
    <member name="T:Nemerle.Xml.SpliceType" />
    <member name="F:Nemerle.Xml.SpliceType.value__" />
    <member name="F:Nemerle.Xml.SpliceType.Expr" />
    <member name="F:Nemerle.Xml.SpliceType.List" />
    <member name="F:Nemerle.Xml.SpliceType.Foreach" />
    <member name="F:Nemerle.Xml.SpliceType.When" />
    <member name="F:Nemerle.Xml.SpliceType.Unless" />
    <member name="T:Nemerle.Xml.PegLocated" />
    <member name="F:Nemerle.Xml.PegLocated.StartPos" />
    <member name="F:Nemerle.Xml.PegLocated.EndPos" />
    <member name="M:Nemerle.Xml.PegLocated.#ctor(System.Int32,System.Int32)" />
    <member name="T:Nemerle.Xml.TagOpen" />
    <member name="F:Nemerle.Xml.TagOpen.ident" />
    <member name="F:Nemerle.Xml.TagOpen.attrs" />
    <member name="M:Nemerle.Xml.TagOpen.#ctor(System.Int32,System.Int32,Nemerle.Xml.Splicable,Nemerle.Core.list{Nemerle.Xml.XmlAst})" />
    <member name="T:Nemerle.Xml.TagClose" />
    <member name="F:Nemerle.Xml.TagClose.ident" />
    <member name="M:Nemerle.Xml.TagClose.#ctor(System.Int32,System.Int32,Nemerle.Xml.Splicable)" />
    <member name="T:Nemerle.Xml.Splicable" />
    <member name="M:Nemerle.Xml.Splicable.ToString" />
    <member name="M:Nemerle.Xml.Splicable.Equals(Nemerle.Xml.Splicable)" />
    <member name="M:Nemerle.Xml.Splicable.GetHashCode" />
    <member name="M:Nemerle.Xml.Splicable.Equals(System.Object)" />
    <member name="M:Nemerle.Xml.Splicable._N_GetVariantCode" />
    <member name="M:Nemerle.Xml.Splicable._N_GetVariantCodeSafe(Nemerle.Xml.Splicable)" />
    <member name="M:Nemerle.Xml.Splicable._N_GetVariantCodeObject(System.Object)" />
    <member name="M:Nemerle.Xml.Splicable.#ctor(System.Int32,System.Int32)" />
    <member name="T:Nemerle.Xml.Splicable.PrefiedName" />
    <member name="T:Nemerle.Xml.Splicable.Value" />
    <member name="T:Nemerle.Xml.Splicable.Expr" />
    <member name="T:Nemerle.Xml.Splicable.ControlExpr" />
    <member name="T:Nemerle.Xml.Splicable.ListExpr" />
    <member name="T:Nemerle.Xml.XmlAst" />
    <member name="M:Nemerle.Xml.XmlAst.ToString" />
    <member name="M:Nemerle.Xml.XmlAst._N_GetVariantCode" />
    <member name="M:Nemerle.Xml.XmlAst._N_GetVariantCodeSafe(Nemerle.Xml.XmlAst)" />
    <member name="M:Nemerle.Xml.XmlAst._N_GetVariantCodeObject(System.Object)" />
    <member name="M:Nemerle.Xml.XmlAst.#ctor(System.Int32,System.Int32)" />
    <member name="T:Nemerle.Xml.XmlAst.Attr" />
    <member name="T:Nemerle.Xml.XmlAst.Text" />
    <member name="T:Nemerle.Xml.XmlAst.Tag" />
    <member name="T:Nemerle.Xml.XmlAst.TagSplice" />
    <member name="T:Nemerle.Xml.XmlAst.AttrSplice" />
    <member name="T:Nemerle.Xml.XmlAstToXLinq" />
    <member name="F:Nemerle.Xml.XmlAstToXLinq._typer" />
    <member name="F:Nemerle.Xml.XmlAstToXLinq._parser" />
    <member name="M:Nemerle.Xml.XmlAstToXLinq.#ctor(Nemerle.Compiler.Typer,Nemerle.Xml.XmlQuotParser)" />
    <member name="M:Nemerle.Xml.XmlAstToXLinq.ToLocation(Nemerle.Xml.PegLocated)" />
    <member name="M:Nemerle.Xml.XmlAstToXLinq.Parse(Nemerle.Compiler.Location,System.String)" />
    <member name="M:Nemerle.Xml.XmlAstToXLinq.SplicablePExprName(Nemerle.Xml.Splicable,Nemerle.Collections.Set{System.String},System.String)" />
    <member name="M:Nemerle.Xml.XmlAstToXLinq.SplicablePExprStr(Nemerle.Xml.Splicable)" />
    <member name="M:Nemerle.Xml.XmlAstToXLinq.Transform(Nemerle.Xml.XmlAst,Nemerle.Collections.Set{System.String},System.String)" />
    <member name="M:Nemerle.Xml.XmlAstToXLinq.TransformImpl(Nemerle.Xml.XmlAst,Nemerle.Collections.Set{System.String},System.String)" />
    <member name="T:Nemerle.Xml.XmlQuotParser" />
    <member name="M:Nemerle.Xml.XmlQuotParser._N_testSpaces_14978(Nemerle.Xml.XmlQuotParser._N_closureOf_prefixedName_14970,Nemerle.Peg.NToken)" />
    <member name="M:Nemerle.Xml.XmlQuotParser._N_getTextPoint_14925(Nemerle.Xml.XmlQuotParser._N_closureOf_ToLocation_14917,System.Int32)" />
    <member name="M:Nemerle.Xml.XmlQuotParser.GetLocation(Nemerle.Peg.NToken)" />
    <member name="M:Nemerle.Xml.XmlQuotParser.GetText(Nemerle.Peg.NToken)" />
    <member name="P:Nemerle.Xml.XmlQuotParser.ParsingSource" />
    <member name="M:Nemerle.Xml.XmlQuotParser.get_ParsingSource" />
    <member name="F:Nemerle.Xml.XmlQuotParser._parsingSource" />
    <member name="M:Nemerle.Xml.XmlQuotParser.TryParse(Nemerle.Peg.SourceSnapshot)" />
    <member name="M:Nemerle.Xml.XmlQuotParser.TryParse(System.String)" />
    <member name="M:Nemerle.Xml.XmlQuotParser.Parse(Nemerle.Peg.SourceSnapshot)" />
    <member name="M:Nemerle.Xml.XmlQuotParser.Parse(System.String)" />
    <member name="M:Nemerle.Xml.XmlQuotParser.ResetMemoization" />
    <member name="M:Nemerle.Xml.XmlQuotParser.ResetMaxRollbackPos" />
    <member name="M:Nemerle.Xml.XmlQuotParser.GetRuleName(System.Int32)" />
    <member name="M:Nemerle.Xml.XmlQuotParser.GetMaxRollbackPosAndNames" />
    <member name="M:Nemerle.Xml.XmlQuotParser.GetMaxRollbackPosAndIds" />
    <member name="M:Nemerle.Xml.XmlQuotParser.__GENERATED_PEG__RULE__tagOpen__(System.Int32,System.String,Nemerle.Xml.TagOpen@)" />
    <member name="F:Nemerle.Xml.XmlQuotParser.__GENERATED_PEG__MaxRollback___tagOpen__" />
    <member name="F:Nemerle.Xml.XmlQuotParser.__GENERATED_PEG__Memeoize_Res__tagOpen__" />
    <member name="F:Nemerle.Xml.XmlQuotParser.__GENERATED_PEG__Memeoize_End__tagOpen__" />
    <member name="F:Nemerle.Xml.XmlQuotParser.__GENERATED_PEG__Memeoize_Pos__tagOpen__" />
    <member name="M:Nemerle.Xml.XmlQuotParser.__GENERATED_PEG__RULE__splicedTag__(System.Int32,System.String,Nemerle.Xml.XmlAst@)" />
    <member name="F:Nemerle.Xml.XmlQuotParser.__GENERATED_PEG__MaxRollback___splicedTag__" />
    <member name="F:Nemerle.Xml.XmlQuotParser.__GENERATED_PEG__Memeoize_Res__splicedTag__" />
    <member name="F:Nemerle.Xml.XmlQuotParser.__GENERATED_PEG__Memeoize_End__splicedTag__" />
    <member name="F:Nemerle.Xml.XmlQuotParser.__GENERATED_PEG__Memeoize_Pos__splicedTag__" />
    <member name="M:Nemerle.Xml.XmlQuotParser.__GENERATED_PEG__RULE__xtextValue__(System.Int32,System.String)" />
    <member name="M:Nemerle.Xml.XmlQuotParser.__GENERATED_PEG__RULE__xtext__(System.Int32,System.String,Nemerle.Xml.XmlAst@)" />
    <member name="F:Nemerle.Xml.XmlQuotParser.__GENERATED_PEG__MaxRollback___xtext__" />
    <member name="F:Nemerle.Xml.XmlQuotParser.__GENERATED_PEG__Memeoize_Res__xtext__" />
    <member name="F:Nemerle.Xml.XmlQuotParser.__GENERATED_PEG__Memeoize_End__xtext__" />
    <member name="F:Nemerle.Xml.XmlQuotParser.__GENERATED_PEG__Memeoize_Pos__xtext__" />
    <member name="M:Nemerle.Xml.XmlQuotParser.__GENERATED_PEG__RULE__content__(System.Int32,System.String,Nemerle.Xml.XmlAst@)" />
    <member name="F:Nemerle.Xml.XmlQuotParser.__GENERATED_PEG__MaxRollback___content__" />
    <member name="F:Nemerle.Xml.XmlQuotParser.__GENERATED_PEG__Memeoize_Res__content__" />
    <member name="F:Nemerle.Xml.XmlQuotParser.__GENERATED_PEG__Memeoize_End__content__" />
    <member name="F:Nemerle.Xml.XmlQuotParser.__GENERATED_PEG__Memeoize_Pos__content__" />
    <member name="M:Nemerle.Xml.XmlQuotParser.__GENERATED_PEG__RULE__tagClose__(System.Int32,System.String,Nemerle.Xml.TagClose@)" />
    <member name="F:Nemerle.Xml.XmlQuotParser.__GENERATED_PEG__MaxRollback___tagClose__" />
    <member name="F:Nemerle.Xml.XmlQuotParser.__GENERATED_PEG__Memeoize_Res__tagClose__" />
    <member name="F:Nemerle.Xml.XmlQuotParser.__GENERATED_PEG__Memeoize_End__tagClose__" />
    <member name="F:Nemerle.Xml.XmlQuotParser.__GENERATED_PEG__Memeoize_Pos__tagClose__" />
    <member name="M:Nemerle.Xml.XmlQuotParser.__GENERATED_PEG__RULE__tagFull__(System.Int32,System.String,Nemerle.Xml.XmlAst@)" />
    <member name="F:Nemerle.Xml.XmlQuotParser.__GENERATED_PEG__MaxRollback___tagFull__" />
    <member name="F:Nemerle.Xml.XmlQuotParser.__GENERATED_PEG__Memeoize_Res__tagFull__" />
    <member name="F:Nemerle.Xml.XmlQuotParser.__GENERATED_PEG__Memeoize_End__tagFull__" />
    <member name="F:Nemerle.Xml.XmlQuotParser.__GENERATED_PEG__Memeoize_Pos__tagFull__" />
    <member name="M:Nemerle.Xml.XmlQuotParser.__GENERATED_PEG__RULE__tagName__(System.Int32,System.String,Nemerle.Xml.Splicable@)" />
    <member name="F:Nemerle.Xml.XmlQuotParser.__GENERATED_PEG__MaxRollback___tagName__" />
    <member name="F:Nemerle.Xml.XmlQuotParser.__GENERATED_PEG__Memeoize_Res__tagName__" />
    <member name="F:Nemerle.Xml.XmlQuotParser.__GENERATED_PEG__Memeoize_End__tagName__" />
    <member name="F:Nemerle.Xml.XmlQuotParser.__GENERATED_PEG__Memeoize_Pos__tagName__" />
    <member name="M:Nemerle.Xml.XmlQuotParser.__GENERATED_PEG__RULE__prefixedName__(System.Int32,System.String,Nemerle.Xml.Splicable@)" />
    <member name="F:Nemerle.Xml.XmlQuotParser.__GENERATED_PEG__MaxRollback___prefixedName__" />
    <member name="F:Nemerle.Xml.XmlQuotParser.__GENERATED_PEG__Memeoize_Res__prefixedName__" />
    <member name="F:Nemerle.Xml.XmlQuotParser.__GENERATED_PEG__Memeoize_End__prefixedName__" />
    <member name="F:Nemerle.Xml.XmlQuotParser.__GENERATED_PEG__Memeoize_Pos__prefixedName__" />
    <member name="M:Nemerle.Xml.XmlQuotParser.__GENERATED_PEG__RULE__nameChar__(System.Int32,System.String)" />
    <member name="M:Nemerle.Xml.XmlQuotParser.__GENERATED_PEG__RULE__xmlName__(System.Int32,System.String)" />
    <member name="M:Nemerle.Xml.XmlQuotParser.__GENERATED_PEG__RULE__unprefixedName__(System.Int32,System.String,Nemerle.Xml.Splicable@)" />
    <member name="F:Nemerle.Xml.XmlQuotParser.__GENERATED_PEG__MaxRollback___unprefixedName__" />
    <member name="F:Nemerle.Xml.XmlQuotParser.__GENERATED_PEG__Memeoize_Res__unprefixedName__" />
    <member name="F:Nemerle.Xml.XmlQuotParser.__GENERATED_PEG__Memeoize_End__unprefixedName__" />
    <member name="F:Nemerle.Xml.XmlQuotParser.__GENERATED_PEG__Memeoize_Pos__unprefixedName__" />
    <member name="M:Nemerle.Xml.XmlQuotParser.__GENERATED_PEG__RULE__qualifiedName__(System.Int32,System.String,Nemerle.Xml.Splicable@)" />
    <member name="F:Nemerle.Xml.XmlQuotParser.__GENERATED_PEG__MaxRollback___qualifiedName__" />
    <member name="F:Nemerle.Xml.XmlQuotParser.__GENERATED_PEG__Memeoize_Res__qualifiedName__" />
    <member name="F:Nemerle.Xml.XmlQuotParser.__GENERATED_PEG__Memeoize_End__qualifiedName__" />
    <member name="F:Nemerle.Xml.XmlQuotParser.__GENERATED_PEG__Memeoize_Pos__qualifiedName__" />
    <member name="M:Nemerle.Xml.XmlQuotParser.__GENERATED_PEG__RULE__attrValue2__(System.Int32,System.String)" />
    <member name="M:Nemerle.Xml.XmlQuotParser.__GENERATED_PEG__RULE__attrValue1__(System.Int32,System.String)" />
    <member name="M:Nemerle.Xml.XmlQuotParser.__GENERATED_PEG__RULE__attrValue3__(System.Int32,System.String,Nemerle.Xml.Splicable@)" />
    <member name="F:Nemerle.Xml.XmlQuotParser.__GENERATED_PEG__MaxRollback___attrValue3__" />
    <member name="F:Nemerle.Xml.XmlQuotParser.__GENERATED_PEG__Memeoize_Res__attrValue3__" />
    <member name="F:Nemerle.Xml.XmlQuotParser.__GENERATED_PEG__Memeoize_End__attrValue3__" />
    <member name="F:Nemerle.Xml.XmlQuotParser.__GENERATED_PEG__Memeoize_Pos__attrValue3__" />
    <member name="M:Nemerle.Xml.XmlQuotParser.__GENERATED_PEG__RULE__attrValue__(System.Int32,System.String,Nemerle.Xml.Splicable@)" />
    <member name="F:Nemerle.Xml.XmlQuotParser.__GENERATED_PEG__MaxRollback___attrValue__" />
    <member name="F:Nemerle.Xml.XmlQuotParser.__GENERATED_PEG__Memeoize_Res__attrValue__" />
    <member name="F:Nemerle.Xml.XmlQuotParser.__GENERATED_PEG__Memeoize_End__attrValue__" />
    <member name="F:Nemerle.Xml.XmlQuotParser.__GENERATED_PEG__Memeoize_Pos__attrValue__" />
    <member name="M:Nemerle.Xml.XmlQuotParser.__GENERATED_PEG__RULE__attr1__(System.Int32,System.String,Nemerle.Xml.XmlAst@)" />
    <member name="F:Nemerle.Xml.XmlQuotParser.__GENERATED_PEG__MaxRollback___attr1__" />
    <member name="F:Nemerle.Xml.XmlQuotParser.__GENERATED_PEG__Memeoize_Res__attr1__" />
    <member name="F:Nemerle.Xml.XmlQuotParser.__GENERATED_PEG__Memeoize_End__attr1__" />
    <member name="F:Nemerle.Xml.XmlQuotParser.__GENERATED_PEG__Memeoize_Pos__attr1__" />
    <member name="M:Nemerle.Xml.XmlQuotParser.__GENERATED_PEG__RULE__controlAttrs__(System.Int32,System.String,Nemerle.Xml.Splicable@)" />
    <member name="F:Nemerle.Xml.XmlQuotParser.__GENERATED_PEG__MaxRollback___controlAttrs__" />
    <member name="F:Nemerle.Xml.XmlQuotParser.__GENERATED_PEG__Memeoize_Res__controlAttrs__" />
    <member name="F:Nemerle.Xml.XmlQuotParser.__GENERATED_PEG__Memeoize_End__controlAttrs__" />
    <member name="F:Nemerle.Xml.XmlQuotParser.__GENERATED_PEG__Memeoize_Pos__controlAttrs__" />
    <member name="M:Nemerle.Xml.XmlQuotParser.__GENERATED_PEG__RULE__splice__(System.Int32,System.String,Nemerle.Xml.Splicable@)" />
    <member name="F:Nemerle.Xml.XmlQuotParser.__GENERATED_PEG__MaxRollback___splice__" />
    <member name="F:Nemerle.Xml.XmlQuotParser.__GENERATED_PEG__Memeoize_Res__splice__" />
    <member name="F:Nemerle.Xml.XmlQuotParser.__GENERATED_PEG__Memeoize_End__splice__" />
    <member name="F:Nemerle.Xml.XmlQuotParser.__GENERATED_PEG__Memeoize_Pos__splice__" />
    <member name="M:Nemerle.Xml.XmlQuotParser.__GENERATED_PEG__RULE__identifier__(System.Int32,System.String)" />
    <member name="M:Nemerle.Xml.XmlQuotParser.__GENERATED_PEG__RULE__spliceBody1__(System.Int32,System.String)" />
    <member name="M:Nemerle.Xml.XmlQuotParser.__GENERATED_PEG__RULE__noBracket__(System.Int32,System.String)" />
    <member name="M:Nemerle.Xml.XmlQuotParser.__GENERATED_PEG__RULE__spliceBody2__(System.Int32,System.String)" />
    <member name="M:Nemerle.Xml.XmlQuotParser.__GENERATED_PEG__RULE__spliceBody__(System.Int32,System.String)" />
    <member name="M:Nemerle.Xml.XmlQuotParser.__GENERATED_PEG__RULE__spliceList__(System.Int32,System.String,Nemerle.Xml.Splicable@)" />
    <member name="F:Nemerle.Xml.XmlQuotParser.__GENERATED_PEG__MaxRollback___spliceList__" />
    <member name="F:Nemerle.Xml.XmlQuotParser.__GENERATED_PEG__Memeoize_Res__spliceList__" />
    <member name="F:Nemerle.Xml.XmlQuotParser.__GENERATED_PEG__Memeoize_End__spliceList__" />
    <member name="F:Nemerle.Xml.XmlQuotParser.__GENERATED_PEG__Memeoize_Pos__spliceList__" />
    <member name="M:Nemerle.Xml.XmlQuotParser.__GENERATED_PEG__RULE__attrSplice__(System.Int32,System.String,Nemerle.Xml.XmlAst@)" />
    <member name="F:Nemerle.Xml.XmlQuotParser.__GENERATED_PEG__MaxRollback___attrSplice__" />
    <member name="F:Nemerle.Xml.XmlQuotParser.__GENERATED_PEG__Memeoize_Res__attrSplice__" />
    <member name="F:Nemerle.Xml.XmlQuotParser.__GENERATED_PEG__Memeoize_End__attrSplice__" />
    <member name="F:Nemerle.Xml.XmlQuotParser.__GENERATED_PEG__Memeoize_Pos__attrSplice__" />
    <member name="M:Nemerle.Xml.XmlQuotParser.__GENERATED_PEG__RULE__attr__(System.Int32,System.String,Nemerle.Xml.XmlAst@)" />
    <member name="F:Nemerle.Xml.XmlQuotParser.__GENERATED_PEG__MaxRollback___attr__" />
    <member name="F:Nemerle.Xml.XmlQuotParser.__GENERATED_PEG__Memeoize_Res__attr__" />
    <member name="F:Nemerle.Xml.XmlQuotParser.__GENERATED_PEG__Memeoize_End__attr__" />
    <member name="F:Nemerle.Xml.XmlQuotParser.__GENERATED_PEG__Memeoize_Pos__attr__" />
    <member name="M:Nemerle.Xml.XmlQuotParser.__GENERATED_PEG__RULE__tagEmpty__(System.Int32,System.String,Nemerle.Xml.XmlAst@)" />
    <member name="F:Nemerle.Xml.XmlQuotParser.__GENERATED_PEG__MaxRollback___tagEmpty__" />
    <member name="F:Nemerle.Xml.XmlQuotParser.__GENERATED_PEG__Memeoize_Res__tagEmpty__" />
    <member name="F:Nemerle.Xml.XmlQuotParser.__GENERATED_PEG__Memeoize_End__tagEmpty__" />
    <member name="F:Nemerle.Xml.XmlQuotParser.__GENERATED_PEG__Memeoize_Pos__tagEmpty__" />
    <member name="M:Nemerle.Xml.XmlQuotParser.__GENERATED_PEG__RULE__tag__(System.Int32,System.String,Nemerle.Xml.XmlAst@)" />
    <member name="F:Nemerle.Xml.XmlQuotParser.__GENERATED_PEG__MaxRollback___tag__" />
    <member name="F:Nemerle.Xml.XmlQuotParser.__GENERATED_PEG__Memeoize_Res__tag__" />
    <member name="F:Nemerle.Xml.XmlQuotParser.__GENERATED_PEG__Memeoize_End__tag__" />
    <member name="F:Nemerle.Xml.XmlQuotParser.__GENERATED_PEG__Memeoize_Pos__tag__" />
    <member name="M:Nemerle.Xml.XmlQuotParser.__GENERATED_PEG__RULE__start__(System.Int32,System.String,Nemerle.Xml.XmlAst@)" />
    <member name="F:Nemerle.Xml.XmlQuotParser.__GENERATED_PEG__MaxRollback___start__" />
    <member name="F:Nemerle.Xml.XmlQuotParser.__GENERATED_PEG__Memeoize_Res__start__" />
    <member name="F:Nemerle.Xml.XmlQuotParser.__GENERATED_PEG__Memeoize_End__start__" />
    <member name="F:Nemerle.Xml.XmlQuotParser.__GENERATED_PEG__Memeoize_Pos__start__" />
    <member name="F:Nemerle.Xml.XmlQuotParser._location" />
    <member name="F:Nemerle.Xml.XmlQuotParser._lineOffsetMap" />
    <member name="M:Nemerle.Xml.XmlQuotParser.#ctor(Nemerle.Compiler.Location,System.String)" />
    <member name="M:Nemerle.Xml.XmlQuotParser.ToLocation(System.Int32,System.Int32)" />
    <member name="M:Nemerle.Xml.XmlQuotParser.ToLocation(Nemerle.Xml.PegLocated)" />
    <member name="M:Nemerle.Xml.XmlQuotParser.ToLocation(Nemerle.Peg.NToken)" />
    <member name="M:Nemerle.Xml.XmlQuotParser.prefixedName(Nemerle.Peg.NToken,Nemerle.Peg.NToken,Nemerle.Peg.NToken,Nemerle.Peg.NToken,Nemerle.Peg.NToken)" />
    <member name="M:Nemerle.Xml.XmlQuotParser.unprefixedName(Nemerle.Peg.NToken)" />
    <member name="M:Nemerle.Xml.XmlQuotParser.tagName(Nemerle.Xml.Splicable,Nemerle.Peg.NToken)" />
    <member name="M:Nemerle.Xml.XmlQuotParser.qualifiedName(Nemerle.Xml.Splicable,Nemerle.Peg.NToken)" />
    <member name="M:Nemerle.Xml.XmlQuotParser.splice(Nemerle.Peg.NToken,Nemerle.Peg.NToken)" />
    <member name="M:Nemerle.Xml.XmlQuotParser.spliceList(Nemerle.Peg.NToken,Nemerle.Peg.NToken,Nemerle.Peg.NToken,Nemerle.Peg.NToken)" />
    <member name="M:Nemerle.Xml.XmlQuotParser.splicedTag(Nemerle.Xml.Splicable)" />
    <member name="M:Nemerle.Xml.XmlQuotParser.tagOpen(Nemerle.Peg.NToken,Nemerle.Peg.NToken,Nemerle.Xml.Splicable,System.Collections.Generic.List{Nemerle.Xml.XmlAst},Nemerle.Peg.NToken)" />
    <member name="M:Nemerle.Xml.XmlQuotParser.tagClose(Nemerle.Peg.NToken,Nemerle.Peg.NToken,Nemerle.Peg.NToken,Nemerle.Peg.NToken,Nemerle.Core.option{Nemerle.Xml.Splicable},Nemerle.Peg.NToken)" />
    <member name="M:Nemerle.Xml.XmlQuotParser.tagEmpty(Nemerle.Peg.NToken,Nemerle.Peg.NToken,Nemerle.Xml.Splicable,System.Collections.Generic.List{Nemerle.Xml.XmlAst},Nemerle.Peg.NToken,Nemerle.Peg.NToken,Nemerle.Peg.NToken)" />
    <member name="M:Nemerle.Xml.XmlQuotParser.xtext(Nemerle.Peg.NToken)" />
    <member name="M:Nemerle.Xml.XmlQuotParser.tagFull(Nemerle.Xml.TagOpen,System.Collections.Generic.List{Nemerle.Xml.XmlAst},Nemerle.Xml.TagClose)" />
    <member name="M:Nemerle.Xml.XmlQuotParser.tag(Nemerle.Xml.XmlAst)" />
    <member name="M:Nemerle.Xml.XmlQuotParser.content(Nemerle.Xml.XmlAst)" />
    <member name="M:Nemerle.Xml.XmlQuotParser.attrValue3(Nemerle.Peg.NToken)" />
    <member name="M:Nemerle.Xml.XmlQuotParser.attrValue(Nemerle.Xml.Splicable,Nemerle.Peg.NToken)" />
    <member name="M:Nemerle.Xml.XmlQuotParser.attr1(Nemerle.Xml.Splicable,Nemerle.Peg.NToken,Nemerle.Peg.NToken,Nemerle.Xml.Splicable)" />
    <member name="M:Nemerle.Xml.XmlQuotParser.controlAttrs(Nemerle.Peg.NToken,Nemerle.Peg.NToken,Nemerle.Peg.NToken,Nemerle.Peg.NToken,Nemerle.Peg.NToken)" />
    <member name="M:Nemerle.Xml.XmlQuotParser.attrSplice(Nemerle.Xml.Splicable)" />
    <member name="M:Nemerle.Xml.XmlQuotParser.attr(Nemerle.Xml.XmlAst)" />
    <member name="M:Nemerle.Xml.XmlQuotParser.start(Nemerle.Peg.NToken,Nemerle.Xml.XmlAst,Nemerle.Peg.NToken)" />
    <member name="T:_N_MacroContexts" />
    <member name="M:_N_MacroContexts.#cctor" />
    <member name="F:_N_MacroContexts.serialized" />
    <member name="F:_N_MacroContexts.contexts" />
    <member name="F:_N_MacroContexts.last_manager" />
    <member name="M:_N_MacroContexts.Get(System.Int32,Nemerle.Compiler.ManagerClass)" />
    <member name="M:_N_MacroContexts.Clear" />
  </members>
</doc>